en_final,es_final,fr_final,key,en,es,fr,NOTE
TRUE,TRUE,TRUE,ta-v1-index-modal,A rapidly deployed critical data & visualization intervention in the USA‚Äôs 2018 ‚ÄúZero Tolerance Policy‚Äù for asylum seekers at the US Ports of Entry and the humanitarian crisis that has followed.,"Una intervenci√≥n cr√≠tica de gr√°ficas y datos, desplegada r√°pidamente como respuesta a la nueva ‚ÄúPol√≠tica de cero tolerancia‚Äù de los EE. UU. en contra de los solicitantes de asilo en sus puertos y la crisis humanitaria que resulta.",Une intervention de visualisation et de donn√©es critiques rapidement d√©ploy√©e dans le contexte de la ¬´ politique de tol√©rance z√©ro ¬ª de 2018 des √âtats-Unis pour les demandeurs d‚Äôasile aux points d‚Äôentr√©e am√©ricains et de la crise humanitaire qui a suivi.,
TRUE,TRUE,TRUE,ta-sitename,Torn Apart,Separados,S√©par√©s,
TRUE,TRUE,,ta-page-not-found,Page not found üôÅ,P√°gina no encontrada üôÅ,Page non trouv√©e üôÅ,
TRUE,TRUE,,ta-requested-page-could-not-be-found,The requested page could not be found.,La p√°gina solicitada no se encontr√≥ en el servidor.,La page demand√©e n‚Äôa pu √™tre trouv√©e.,
TRUE,TRUE,TRUE,ta-visualizations,Visualizations,Gr√°fica,Visualisations,
TRUE,TRUE,TRUE,ta-textures,Textures,Texturas,Textures,
TRUE,TRUE,TRUE,ta-reflections,Reflections,Reflexiones,R√©flexions,
TRUE,TRUE,TRUE,ta-allies,Allies,Aliadxs,Les alli√©s,
TRUE,TRUE,TRUE,ta-bibliography,Bibliography,Bibliograf√≠a,Bibliographie,
TRUE,TRUE,TRUE,ta-credits,Credits,Cr√©ditos,Cr√©dits,
TRUE,TRUE,TRUE,ta-the-trap,The Trap,La trampa,Le pi√®ge,
TRUE,TRUE,TRUE,ta-clinks,Clinks,Barrotes,Les taules,
TRUE,TRUE,TRUE,ta-the-eye,The Eye,El ojo,L‚Äô≈ìil,
TRUE,TRUE,TRUE,ta-charts,Charts,Cifras,Les graphiques,
TRUE,TRUE,TRUE,ta-orr,ORR,ORR,ORR,
TRUE,TRUE,,ta-districts,Districts,Distritos,Districts,Viz Button Name
TRUE,TRUE,,ta-gain,Gain,Ganancias,Gains,Viz Button Name
TRUE,TRUE,,ta-freezer,Freezer,Congelador,Le cong√©lo,Viz Button Name
TRUE,TRUE,,ta-rain,Rain,Lluvia,La pluie,Viz Button Name
TRUE,TRUE,,ta-lines,Lines,Lineas,Lignes,Viz Button Name
TRUE,TRUE,,ta-beds,Beds,Camas,Lits,Viz Button Name
TRUE,TRUE,,ta-banned,Banned,Prohibidxs,Interdits,Viz Button Name
TRUE,TRUE,,ta-murderboard,Murderboard,Pizarr√≥n,Tableau,Viz Button Name
TRUE,TRUE,,ta-ice-tray,ICE Tray,La Bandeja,Bac √† ICE,Viz Button Name
TRUE,TRUE,,ta-international,International,Internacionales,Internationaux,Used in Allies
TRUE,TRUE,,ta-united-states,United States,Estados Unidos,Etats Unis,Used in Allies
TRUE,TRUE,,ta-mexico,Mexico,M√©xico,M√©xique,Used in Allies
TRUE,TRUE,TRUE,ta-v1-adp,ADP,ADP,ADP,
TRUE,TRUE,TRUE,ta-v1-facilities,Facilities,Instalaciones,Les installations,
TRUE,TRUE,TRUE,ta-v1-bookins,Bookins,Registros,Taux,
TRUE,TRUE,TRUE,ta-v1-private-juvenile-detention-facilities,Private juvenile detention facilities,Instalaciones de detenci√≥n juven√≠l,Les centres de d√©tention priv√©s pour les mineurs,
TRUE,TRUE,TRUE,ta-v1-ice-facilities-since-2014,ICE facilities in use since 2014,Instalaciones de ICE en uso desde el 2014,Les installations de l‚ÄôICE facilities en service depuis 2014,
TRUE,TRUE,TRUE,ta-v1-ice-facilities-not-in-use,ICE facilities not in use,Instalaciones de ICE sin uso,Les installations de l‚ÄôICE facilities non utilis√©es,
TRUE,TRUE,TRUE,ta-v1-clinks-legend-supp-text,"We are not showing the addresses of ICE facilities currently not in use. However, this is the full landscape of incarceration for those deemed without papers.",Representaci√≥n de la infrastructura de encarcelaci√≥n de inmigrantes en EE. UU.,"Nous ne montrons pas les adresses des installations de l‚ÄôICE actuellement non utilis√©es. Cependant, c‚Äôest le paysage complet de l‚Äôincarc√©ration pour ceux consid√©r√©s sans papiers.",
TRUE,TRUE,TRUE,ta-v1-trap-legend,"The border is a trap. Begun in 2005, [Operation Streamline](https://en.wikipedia.org/wiki/Operation_Streamline) has criminalized border crossing. Authorized ports of entry, tiny holes shown here as 15-miles wide, [turn back asylum seekers](https://www.washingtonpost.com/world/national-security/at-the-us-border-asylum-seekers-fleeing-violence-are-told-to-come-back-later/2018/06/12/79a12718-6e4d-11e8-afd5-778aca903bbe_story.html?utm_term=.1caf2e540b8c), pushing them into the [100-mile-wide border zone](https://www.aclu.org/other/constitution-100-mile-border-zone), where they are exposed to harsh conditions from both the environment and law enforcement.","La frontera es una trampa. Desde 2005, [Operation Streamline](https://en.wikipedia.org/wiki/Operation_Streamline) ha criminalizado el cruce fronterizo. Los puertos de entrada autorizados, mostrados aqu√≠ como peque√±os huecos de 15 millas, [rechazan los solicitantes de asilo](https://www.washingtonpost.com/world/national-security/at-the-us-border-asylum-seekers-fleeing-violence-are-told-to-come-back-later/2018/06/12/79a12718-6e4d-11e8-afd5-778aca903bbe_story.html?utm_term=.1caf2e540b8c) y los empujan hacia [la zona fronteriza de 100 millas](https://www.aclu.org/other/constitution-100-mile-border-zone) donde condiciones duras del medio ambiente y de ICE los oprimen.","La fronti√®re est un pi√®ge. Commenc√© en 2005, [l‚ÄôOperation Streamline](https://en.wikipedia.org/wiki/Operation_Streamline) a criminalis√© le passage des fronti√®res. Les ports/points d‚Äôentr√©e autoris√©s, des trous minuscules montr√©s ici comme faisant 15 miles de diam√®tre, [r√©jettent les demandeurs d‚Äôasile](https://www.washingtonpost.com/world/national-security/at-the-us-border-asylum-seekers-fleeing-violence-are-told-to-come-back-later/2018/06/12/79a12718-6e4d-11e8-afd5-778aca903bbe_story.html?utm_term=.1caf2e540b8c), les repoussant dans [la zone frontali√®re des 100 miles](https://www.aclu.org/other/constitution-100-mile-border-zone), o√π ils sont expos√©s √† des conditions difficiles en raison √† la fois de l‚Äôenvironnement et de l‚Äôapplication de la loi.",
TRUE,TRUE,TRUE,ta-v1-orr-legend,"As of November 2017, the [Office of Refugee Resettlement](https://www.acf.hhs.gov/orr) has 113 redacted sites which reportedly average daily populations greater than zero. Each site is related to a Docket Control Office, which lets us guess more or less where each site is, at least at the scale you see here. But these sites are sneaky and always slip out of view.","Desde noviembre del 2017 la [Oficina de Relocalizaci√≥n de Refugiados](https://www.acf.hhs.gov/orr) tiene 113 sitios redactados donde reportan poblaci√≥n diaria mayor de cero. Cada sitio est√° relacionado a la Oficina de Control de Casos, lo que nos deja saber m√°s o mendos donde est√°n estos sitios, al menos en la escala que ven aqu√≠. Pero estos sitios son rebalosos y desaparecen de vista.","En novembre 2017, le [Bureau de la r√©installation des r√©fugi√©s](https://www.acf.hhs.gov/orr) compte 113 sites modifi√©s dont les populations quotidiennes moyennes seraient sup√©rieures √† z√©ro. Chaque site est li√© √† un bureau de contr√¥le des dossiers, ce qui nous permet de deviner plus ou moins o√π se trouve chaque site, au moins √† l‚Äô√©chelle que vous voyez ici. Mais ces sites sont sournois et glissent toujours hors de vue.",
TRUE,TRUE,TRUE,ta-v1-5-yrs-of-detention,Five Years of Detention:,Cinco A√±os de Detenci√≥n:,Cinq ans de d√©tention,
TRUE,TRUE,TRUE,ta-v1-ice-facilities-in-use,ICE facilities in use,Instalaciones de ICE,Les installations de l‚ÄôICE facilities en service,
TRUE,TRUE,TRUE,ta-v1-time-series-text,This shows the numbers of detained persons over the last four years of data. Our effort here is in line with other efforts at quantification.,N√∫mero de personas detenidas basado en datos de los ultimo 4 a√±os. Nuestro esfuerzo es similar a otros similares.,Cela montre le nombre de personnes d√©tenues au cours des quatre derni√®res ann√©es de donn√©es. Notre effort ici est en ligne avec d‚Äôautres efforts de quantification.,
TRUE,TRUE,TRUE,ta-v1-fiscal-year-begins,(fiscal year begins previous October),(a√±o fiscal comienza el previo octubre),(l‚Äôann√©e fiscale commence l‚Äôoctobre pr√©c√©dent),
TRUE,TRUE,TRUE,ta-v1-number-of-facilities,Num. of facilities,Num. de instalaciones,‚Ññ des installations,
TRUE,TRUE,TRUE,ta-v1-avg-daily-pop,Avg. daily population,Poblaci√≥n media diaria,Moyenne de la population quotidienne,
TRUE,TRUE,TRUE,ta-v1-current-avg-daily-pop,Current average daily population,Poblaci√≥n media diaria actual,Population quotidienne moyenne actuelle,
TRUE,TRUE,TRUE,ta-v1-adp-text,"ADP is the Average Daily Population and represents someone in ICE detention. However, this is as fungible a number as any other and depends on Congressional language for ‚Äúbeds.‚Äù","ADP es la promedio Poblaci√≥n Diaria y representa a alguien en detenci√≥n de ICE. Sinembargo, este n√∫mero es relativo y depende de la definici√≥n del congreso de una ‚Äúcama‚Äù.","ADP est la population quotidienne moyenne et repr√©sente une personne en d√©tention de l‚ÄôICE. Par contre, ce nombre est aussi fongible que n‚Äôimporte quel autre et d√©pend du langage du Congr√®s pour les ‚Äúlits‚Äù.",
TRUE,TRUE,TRUE,ta-v1-bookins-october-and-november,Bookins for Oct. and Nov. 2017,Registros Oct-Nov 2017,Taux pour Oct. et Nov. 2017,
TRUE,TRUE,TRUE,ta-v1-bookins-text,The initial book-ins into detention facilities rate,Medida inicial de arrestos,Le taux initial des installations de r√©servation et de d√©tention,
TRUE,TRUE,TRUE,ta-v1-operators-num,Operators number.,N√∫mero de operadores.,Nombre d‚Äôop√©rateurs.,
TRUE,TRUE,TRUE,ta-v1-operators-text,"The facility can be operated by ICE, GEO, MVM, CCA or other contractors","La instalaci√≥n puede ser operada por ICE, GEO, MVM, CCA o otros contratistas","L‚Äôinstallation peut √™tre exploit√©e par ICE, GEO, MVM, CCA ou d‚Äôautres entreprises.",
TRUE,TRUE,TRUE,ta-v1-active-num,active number.,N√∫mero activo,Nombre actif.,
TRUE,TRUE,TRUE,ta-v1-name-header,Facility and Operator,Instalaci√≥n y Operador,Installation et op√©rateur,
TRUE,TRUE,TRUE,ta-v1-mandays-header,Mandays,Mandays,Jours de travail,
TRUE,TRUE,TRUE,ta-v1-pctDaysInUse-header,Usage,Uso,Usage,
TRUE,TRUE,TRUE,ta-v1-2017-mandays-and-overpop,Mandays and (Over-)Usage in Fiscal Year 2017:,Total d√≠as por persona 2017 y uso:,Jours de travail et (sur-)utilisation au cours de l‚Äôann√©e fiscale de 2017 :,
TRUE,TRUE,TRUE,ta-v1-mandays,Mandays,Mandays,Jours de travail,
TRUE,TRUE,TRUE,ta-v1-mandays-definition,The sum of midnight count mandays for a facility for all days in the fiscal year.,Suma de estad√≠a nocturna por instalaci√≥n a√±o fiscal completo.,La somme de minuit compte jours de travail pour une installation pour tous les jours de l‚Äôann√©e fiscale.,
TRUE,TRUE,TRUE,ta-v1-usage,Usage,Uso,Usage,
TRUE,TRUE,TRUE,ta-v1-usage-definition,Indicates the percentage of fiscal year days in use to date.,Indica el porcentaje de d√≠as del a√±o fiscal en uso hasta la fecha,Indique le pourcentage des jours de l‚Äôann√©e fiscale utilis√©s √† ce jour.,
TRUE,TRUE,TRUE,ta-v1-facility-operators,Fiscal Year 2018 Facilities by Operator:,"Instalaciones por operador, a√±o fiscal 2018:",L‚Äôann√©e fiscale 2018 installations par l‚Äôexploitant :,
TRUE,TRUE,TRUE,ta-v1-18-adp-by-operator,Portion of Total Average Daily Population per Operator,Porci√≥n del average total de la poblaci√≥n por d√≠a por operador,Portion de la population quotidienne moyenne totale par exploitant,
TRUE,TRUE,TRUE,ta-v1-facility-by-operator,Portion of Facilities per Operator,Porci√≥n de instalaci√≥n por operador,Portion d‚Äôinstallations par exploitant,
TRUE,TRUE,TRUE,ta-v1-other-private,Other Private,Misc. privada,Autre priv√©,
TRUE,TRUE,TRUE,ta-v1-government,Government,Gobierno,Gouvernement,
TRUE,TRUE,TRUE,ta-v1-geo,GEO Group,GEO Group,Groupe GEO,
TRUE,TRUE,TRUE,ta-v1-cca,CoreCivic,CoreCivic,CoreCivic,
TRUE,TRUE,TRUE,ta-v1-legend,Legend,Legend,L√©gende,
TRUE,TRUE,TRUE,ta-v1-owned-or-operated-by,Owned or operated by,Propiedad de o dirigido por,D√©tenu ou exploit√© par :,
TRUE,TRUE,TRUE,ta-v1-banned-legend,"The population of this ephemeral, blackened country of closed borders is about _N%_ of that of the excluded majority Muslim population banned from entering the US by [Presidential Proclamation 9645](https://en.wikipedia.org/wiki/Executive_Order_13780#Presidential_Proclamation_9645).","La poblaci√≥n de ese pa√≠s ef√≠mero de fronteras cerradas es de aproximadamente _N%_ de la poblaci√≥n excluida y mayoritariamente musulmana, prohibida ingresar a los EE. UU. por [Proclamaci√≥n presidencial 9645](https://en.wikipedia.org/wiki/Executive_Order_13780#Presidential_Proclamation_9645).","La population de ce pays √©ph√©m√®re de fronti√®res ferm√©es repr√©sente environ _% de la population exclue et principalement musulmane, interdite d‚Äôentrer aux √âtats-Unis pour [proclamation pr√©sidentielle 9645] (https://en.wikipedia.org/wiki/Executive_Order_13780#Presidential_Proclamation_9645).",
TRUE,TRUE,TRUE,ta-v1-drafting-borders,Drafting borders‚Ä¶,Delineando fronteras‚Ä¶,R√©daction des fronti√®res ...,
TRUE,,,ta-v2-gain-title,Wall of Gain,Ganancias,Temple de la r√©mun√©r√©e,
TRUE,TRUE,,ta-v2-freezer-title,The Banality of ICE Funding,La banalidad del presupuesto de ICE,La banalit√© du financement de l‚ÄôICE,
,TRUE,,ta-v2-rain-title,ICE contracts 2014 ‚Äì 2018,Contratos de ICE 2014 ‚Äì 2018,Contrats d‚ÄôICE 2014 ‚Äì 2018,
TRUE,TRUE,,ta-v2-lines-legend,"ICE removed over 220,000 people in the United States in 2017. Each person was removed through a port of entry, or, more appropriately, a port of removal. The lines represent this stream of re-displaced people.","ICE expulso a m√°s de 220,000 personas en los EE.UU. en 2017. Cada persona fue expulsada por un puerto de desembarque, o mejor dicho, por un puerto de expulsi√≥n. Las lineas representan el flujo de personas re-desplazadas. ","En 2017, ICE a expuls√© plus de 220 000 personnes des √âtats-Unis. Chaque personne a √©t√© d√©plac√©e par un port d‚Äôentr√©e ou, plus pr√©cis√©ment, par un port d‚Äôenl√®vement. Les lignes repr√©sentent ce flux de personnes d√©plac√©es.",
,TRUE,,ta-v2-people-removed,people removed in,personas expulsadas en,gens expuls√©es en,
,TRUE,,ta-v2-person-removed,person removed in,persona expulasada en,personne expuls√©e en,
,,,ta-v2-districts-legend,Districts legend,Legenda Distritos,L√©gende pour Districts,
,,,ta-v2-beds-legend,Beds legend,Legenda Camas,L√©gende pour Gains,
,TRUE,,ta-v2-name-and-gain,Wall of gain,Pared de Ganancias,Mur des gains,
,,,ta-v2-equal-opportunities,Equal opportunity oppression,Igualdad de Opresi√≥n,Egalit√© d‚Äôoppression,
,TRUE,,ta-v2-gender-pie-chart,Gender,Genero,Genre,
,,,ta-v2-female,Woman-owned business,Negocio-Proprietaria mujer,Entreprise appartenant √† une femme,
,TRUE,,ta-v2-non-female,Not identified as a woman-owned business,Negocio no identificado como propiedad de mujer,Non identifi√© comme une entreprise appartenant √† une femme,
,TRUE,,ta-v2-ethnicity-pie-chart,Ethnicity,Etnia,Ethnicit√©,
TRUE,,,ta-asianPacific,Asian Pacific,Negocio-Propietario asi√°tico-Pac√≠fico,Propri√©taire de l‚ÄôAsie Pacifique,
TRUE,,,ta-black,Black,Negocio-Propietario afro-americano,Propri√©taire noire am√©ricaine,
TRUE,,,ta-hispanic,Hispanic,Negocio-Propietario hispano-americano,Propri√©taire hispanique,
TRUE,,,ta-native,Native,Negocio-Propietario nativo-Americano,Propri√©taire Am√©rindien,
TRUE,,,ta-saaia,Subcontinent Asian,Negocio-Propietario subcontinente asi√°tico/ indo-americano,Propri√©taire du sous-continent Asiatique / Asiatique-Indienne-am√©ricaine,
TRUE,,,ta-otherMinority,Other Minority,Negocio-Propietario otro grupo minoritario,Propri√©taire d‚Äôune autre minorit√©,
,TRUE,,ta-v2-intersectionality-pie-chart,Intersectionality,Interseccionalidad,Intersectionalit√©,
,,,ta-v2-intersectional,Business owned by a woman of color,Negocio-Propietaria mujer de color,Propri√©taire noire am√©ricaine femme,
,,,ta-v2-non-intersectional,Business owned by a person from other marginalized category,Negocio propiedad de persona marginalaza en otra categor√≠a ,Propri√©taire d‚Äôune autre categorie marginalis√©e,
,,,ta-v2-piechart-description,"Ces diagrammes √† secteurs montrent les pourcentages de r√©cipiendaires qui s'identifient comme appartenant √† diverses cat√©gories marginalis√©es. Dans le cas du graphique circulaire Ethnicity and Intersectionality, le 
total repr√©sente le nombre de personnes identifi√©es comme faisant partie de l'une des cat√©gories marginalis√©es, et non pas de toutes les personnes r√©compens√©es en g√©n√©ral. Pour le tableau de genre, le total repr√©sente tous les r√©cipiendaires. Les √©tiquettes de cat√©gorie ici dans la plupart des cas sont celles utilis√©es dans les documents d'attribution.","Estos gr√°ficos circulares muestran los porcentajes de beneficiarios que se identifican a s√≠ mismos como pertenecientes a varias categor√≠as marginadas. En el caso del gr√°fico circular Etnia e Interseccionalidad, el total del pastel representa a todas las personas que se identificaron como parte de cualquiera de las categor√≠as marginadas, no a todos los beneficiarios en general. Para el cuadro de g√©nero, el total del pastel representa a todos los beneficiarios. Las etiquetas de categor√≠a aqu√≠ en la mayor√≠a de los casos son las que se usan en los documentos de adjudicaci√≥n.","Ces diagrammes √† secteurs montrent les pourcentages de r√©cipiendaires qui s‚Äôidentifient comme appartenant √† diverses cat√©gories marginalis√©es. Dans le cas du graphique circulaire Ethnicit√© et Intersectionalit√©, le total repr√©sente le nombre de personnes identifi√©es comme faisant partie de l‚Äôune des cat√©gories marginalis√©es, et non pas de toutes les personnes r√©compens√©es en g√©n√©ral. Pour le tableau de genre, le total repr√©sente tous les r√©cipiendaires. Les √©tiquettes de cat√©gorie ici dans la plupart des cas sont celles utilis√©es dans les documents d‚Äôattribution.",
,TRUE,,ta-allies-legend-entry,Allied organizations,Organizaciones de aliados,Organisations alli√©es,
,TRUE,,ta-allies-button,Show allies directory,Mostrar directorio de aliados,Afficher le r√©pertoire des alli√©s,
,TRUE,,ta-allies-supp-text,Our list of allies has been double-vetted for trustworthiness,Nuestra lista de aliado a sido verificada doblemente,Notre liste d‚Äôalli√©s a fait l‚Äôobjet d‚Äôun double contr√¥le de la fiabilit√©,
,,,ta-allies-curated-list,The list below was curated by our research team and is by no means exhaustive.,La siguiente lista fue comisariada por nuestro equipo de investigaci√≥n y es de ninguna forma la lista completa,La liste ci-dessous a √©t√© organis√©e par notre √©quipe de recherche et n‚Äôest en aucun cas exhaustive.,
,TRUE,,ta-allies-directory-title,Torn Apart / Separados Allies Directory,Directorio de Aliados de Torn Apart / Separados,R√©pertoire alli√©s de Torn Apart/Separados,
TRUE,,,ta-v2-dba,Company / Subsidiary,,Entreprise / Filale,
,TRUE,,ta-v2-location,Location,Ubicaci√≥n,Emplacement,
,TRUE,,ta-v2-category,Category,Categor√≠a,Cat√©gorie,
,TRUE,,ta-v2-product-service,Product / Service,Producto / Servicio,Produit / Service,
,TRUE,,ta-v2-current-value,Current Value,Valor Actual,Valeur actuelle,
,,,ta-v2-potential-value,Potential Value,Valor Potencial,Valeur potentielle,
,TRUE,,ta-description,Description,Descripci√≥n,Description,
,TRUE,,ta-value-to-date,Total Value to Date,Valor total hasta la fecha,Valeur totale √† ce jour,
TRUE,TRUE,,ta-republican-cong,Republican Rep.,Rep. Republicano,Repr√©sentant d√©mocrate,
TRUE,TRUE,,ta-democrat-cong,Democratic Rep.,Rep. Dem√≥crata,Repr√©sentant r√©publicain,
TRUE,TRUE,,ta-no-rep-cong,No Rep. in Congress,No hay Rep. en el Congreso,Aucun repr√©sentant,
TRUE,TRUE,,ta-ice-money-since-2013,Cumulative ICE awards since 2014 to companies by Congressional district,Premios acumulados de ICE desde 2014 a compa√±ia de districto del congreso,R√©compenses d‚ÄôICE accumul√©es depuis 2014 aux societ√©s par district de congr√®s,
TRUE,,,ta-ice-money-since-2013-tooltip,ICE money received since 2014,,,
TRUE,TRUE,,ta-product-cat-consulting,Consulting,Asesor√≠a,Des conseils,
TRUE,TRUE,,ta-product-cat-carceral-services,Carceral Services,Servicios para reclusos,Services aux d√©tenus,
TRUE,,,ta-product-cat-telecom,Telecom,Telecom,T√©l√©com,
TRUE,,,ta-product-cat-it,IT,Servicios t√©cnicos ,Services techniques,
TRUE,,,ta-product-cat-trade-manufacturing,Trade & Manufacturing,Comercio y manufactura ,Commerce et fabrication,
TRUE,TRUE,,ta-product-cat-transportation,Transportation,Transportaci√≥n,Transport,
TRUE,TRUE,,ta-product-cat-sports-recreation,Sports & Recreation,Deportes y ocio,Sports et loisirs,
TRUE,TRUE,,ta-product-cat-research-professional-development,Research & Professional Development,Investigaci√≥n y Desarrollo profesional,Recherche et d√©veloppement professionnel,
TRUE,,,ta-product-cat-food,Food,Alimento,Nourriture,
TRUE,,,ta-product-cat-apparel-leather,Apparel & Leather,Vestimenta y peleter√≠a,V√™tements et cuir,
TRUE,,,ta-product-cat-munitions,Munitions,Municiones,Munitions,
TRUE,,,ta-product-cat-misc,Misc.,Miscel√°neo,Divers,
TRUE,TRUE,,ta-product-cat-office-supplies,Office Supplies,Art√≠culos de oficina,Articles de bureau,
TRUE,TRUE,,ta-product-cat-legal,Legal,Legal,Juridique,
TRUE,TRUE,,ta-product-cat-hotels,Hotels,Hoteles,H√¥tels,
TRUE,,,ta-product-cat-retail,Retail,Al por menor,Au d√©tail,
TRUE,,,ta-product-cat-temps,Temps,Empleados temporarios,Employ√©s temporaires,
TRUE,TRUE,,ta-product-cat-printing-publishing,Printing & Publishing,Impresi√≥n y Publicaci√≥n ,Impression et √©dition,
TRUE,TRUE,,ta-product-cat-health-personal-care,Health & Personal Care,Salud y Cuidado personal ,Sant√© et soins personnels,
TRUE,,,ta-product-cat-financial,Financial,Financiero,Financier,
TRUE,TRUE,,ta-removals,Removals,Expulsiones,Les expulsions,
TRUE,,,ta-ordinal-st-m,Nst,el N.er,le Ner,
TRUE,,,ta-ordinal-nd-m,Nnd,el N.¬∫,le Ne,
TRUE,,,ta-ordinal-rd-m,Nrd,el N.¬∫,le Ne,
TRUE,,,ta-ordinal-th-m,Nth,el N.¬∫,le Ne,
TRUE,TRUE,,ta-at-large-district,At-Large District,Distrito en general,district ¬´ at large ¬ª,
TRUE,TRUE,,ta-district,District,Distrito,district,
TRUE,,,ta-districts-biggest-profiteer,Biggest Profiteer,Mayor especulador,,
TRUE,,,ta-total,Total,,,