40.192202,-75.914124,9,0,,1000 ACADEMY DRIVE MORGANTOWN PA 19543,ABRXSPA,ABRAXAS ACADEMY DETENTION CENTER,1000 ACADEMY DRIVE,MORGANTOWN,BERKS,PA,19543,3,PHI,BRK,IGSA,JUVENILE,Yes,2,04.11.2017,23.05.2014,2,2,3,4,0,0,2,7,10,3,1,1,2,2,2,2,0,0,1,0,0,1,,372,1.02,1207,5,40.192202,-75.914124
34.5592,-117.441,7265,34.5592,,10250 RANCHO ROAD ADELANTO CA 92301,ADLNTCA,ADELANTO ICE PROCESSING CENTER,10250 RANCHO ROAD,ADELANTO,SAN BERNARDINO,CA,92301,9,LOS,LOS,IGSA,DIGSA,Yes,1747,04.11.2017,29.08.2011,1767,1691,1713,1472,1180,1209,1870,8623,10531,8103,721,970,874,840,626,846,237,942,595,206,164,726,GEO,372,1.02,625414,1918,34.557721,-117.442524
42.7516,-73.8162,99,42.7516,,840 ALBANY SHAKER ROAD ALBANY NY 12211,ALBCONY,ALBANY COUNTY JAIL,840 ALBANY SHAKER ROAD,ALBANY,KINGS,NY,12211,2,BUF,ALB,USMS IGA,USMS IGA,Yes,18,04.11.2017,13.07.1988,20,17,28,29,9,16,75,409,391,219,12,6,24,5,27,3,6,3,3,1,1,12,COUNTY (SHERIFF),372,1.02,10390,60,42.745125,-73.81586
35.052729,-106.62981,2,0,,1720 RANDOLPH ROAD ALBUQUERQUE NM 87106,ABQHOLD,ALBUQUERQUE HOLD ROOM,1720 RANDOLPH ROAD,ALBUQUERQUE,BERNALILLO,NM,87106,10,ELP,ABQ,Other,HOLD,Yes,0,24.10.2017,26.05.2009,1,0,1,0,0,1,80,712,2888,2412,0,0,0,0,0,0,0,0,0,0,0,0,FEDERAL,110,0.3,190,10,35.052729,-106.62981
38.797965,-77.065734,5,0,,2003 MILL ROAD ALEXANDRIA VA 22314,ALEXAVA,ALEXANDRIA CITY JAIL,2003 MILL ROAD,ALEXANDRIA,ALEXANDRIA CITY,VA,22314,4,WAS,WAS,USMS IGA,USMS IGA,Yes,0,31.10.2017,28.11.1989,4,1,2,1,1,0,85,407,253,166,1,1,1,1,0,1,0,0,0,0,0,1,CITY,213,0.58,614,13,38.797965,-77.065734
31.323747,-92.53531,865,0,"Addresses don't add up. Geogroup shows 96 George Thompson Drive, Alexandria, LA 71303.",1511 ARNOLD DRIVE ALEXANDRIA LA 71303,JENATLA,ALEXANDRIA STAGING FACILITY,1511 ARNOLD DRIVE,ALEXANDRIA,COUNTY,LA,71303,5,NOL,OAK,Other,STAGING,Yes,286,04.11.2017,10.11.2014,367,252,246,200,167,0,641,31220,21268,19015,86,166,96,149,49,151,37,130,76,42,47,86,GEO,372,1.02,89688,394,31.323747,-92.53531
42.2056,-78.0097,48,42.2056,,4884 STATE ROUTE 19 BELMONT NY 14813,ALLEGNY,ALLEGANY COUNTY JAIL,4884 STATE ROUTE 19,BELMONT,ALLEGANY,NY,14813,2,BUF,BUF,IGSA,IGSA,Yes,7,04.11.2017,05.11.1987,9,8,11,12,8,9,21,114,96,75,6,3,8,4,9,3,3,5,1,2,0,6,COUNTY (SHERIFF),372,1.02,4128,19,42.207781,-78.01268
40.435595,-79.99479,4,0,,950 SECOND AVENUE PITTSBURGH PA 15219,ALLEGPA,ALLEGHENY COUNTY JAIL,950 SECOND AVENUE,PITTSBURGH,ALLEGHENY,PA,15219,3,PHI,PIT,USMS IGA,USMS IGA,Yes,0,30.09.2014,02.04.1987,0,0,0,0,0,4,0,0,10,0,0,0,0,0,0,0,0,0,0,0,0,0,COUNTY (CORRECTIONS),0,0,0,0,40.435595,-79.99479
30.622376,-92.781593,120,0,,7340 HIGHWAY 26 WEST OBERLIN LA 70655,APPSCLA,ALLEN PARISH PUBLIC SAFETY COMPLEX,7340 HIGHWAY 26 WEST,OBERLIN,ALLEN,LA,70655,5,NOL,OAK,IGSA,IGSA,Yes,55,04.11.2017,18.05.2016,56,52,50,18,0,0,48,309,129,0,52,0,48,2,17,1,0,0,0,0,0,52,COUNTY,372,1.02,18385,60,30.622376,-92.781593
32.774403,-117.044583,9,0,,7050 PARKWAY DR LA MESA CA 91942,APIBHCA,ALVARADO PARKWAY INSTITUTE,7050 PARKWAY DR,LA MESA,SAN DIEGO,CA,91942,9,SND,SND,Other,HOSPITAL,No,4,04.11.2017,27.02.2015,6,3,4,2,0,0,79,150,62,2,0,3,1,2,0,2,0,0,3,0,0,0,,366,1,1346,13,32.774403,-117.044583
33.82028,-117.908929,4,0,,1025 S ANAHEIM BLVD ANAHEIM CA 92805,AGMDCCA,ANAHEIM GLOBAL MEDICAL CENTER,1025 S ANAHEIM BLVD,ANAHEIM,ORANGE,CA,92805,9,LOS,,Other,HOSPITAL,No,4,04.11.2017,14.07.2015,4,2,1,1,0,0,15,51,53,22,0,1,0,1,0,1,0,0,1,0,0,0,,235,0.64,334,4,33.82028,-117.908929
61.218718,-149.857357,2,0,,1400 E. 4TH AVE ANCHORAGE AK 99501,ANCHOAK,ANCHORAGE CORRECTIONAL COMPLEX,1400 E. 4TH AVE,ANCHORAGE,ANCHORAGE,AK,99501,9,SEA,ANC,USMS IGA,USMS IGA,Yes,1,04.11.2017,10.07.1988,2,1,1,0,0,0,13,31,12,21,0,1,0,0,0,0,0,0,0,0,1,0,COUNTY (CORRECTIONS),156,0.43,204,4,61.218718,-149.857357
39.198512,-76.595995,2,0,,600 E. ORDNANCE ROAD GLEN BURNIE MD 21060,AAORDMD,ANNE ARUNDEL COUNTY ORDNANCE ROAD CORRECTIONAL CTR,600 E. ORDNANCE ROAD,GLEN BURNIE,ANNE ARUNDEL,MD,21060,4,BAL,,IGSA,IGSA,Yes,20,04.11.2017,30.10.2017,20,2,0,0,0,0,0,0,0,0,1,1,0,0,0,0,0,0,0,0,0,2,COUNTY (CORRECTIONS),0,0,0,0,39.198512,-76.595995
34.075462,-117.352921,1,0,,400 N. PEPPER AVENUE COLTON CA 92324,ARRMCCA,ARROWHEAD REGIONAL MED CENTER,400 N. PEPPER AVENUE,COLTON,COUNTY,CA,92324,9,LOS,ADE,Other,HOSPITAL,No,0,26.10.2017,11.06.2014,1,1,0,0,0,0,1,3,3,3,0,0,0,0,0,0,0,0,0,0,0,0,,10,0.03,4,1,34.075462,-117.352921
32.857146,-104.412724,221,0,,1300 W. RICHEY AVENUE ARTESIA NM 88210,AFRC,ARTESIA FAMILY RESIDENTIAL CENTER,1300 W. RICHEY AVENUE,ARTESIA,COUNTY,NM,88210,10,ELP,EPC,IGSA,FAMILY,Yes,0,17.12.2014,27.06.2014,0,0,0,0,87,134,0,0,0,391,0,0,0,0,0,0,87,0,0,0,0,0,GEO,0,0,0,0,32.857146,-104.412724
33.7473,-84.3955,703,33.7473,,254 PEACHTREE STREET SOUTHWEST ATLANTA GA 30303,ATLANGA,ATLANTA CITY DETENTION CENTER,254 PEACHTREE STREET SOUTHWEST,ATLANTA,FULTON,GA,30303,11,ATL,ATL,USMS IGA,USMS IGA,Yes,240,04.11.2017,17.09.1996,356,277,257,139,16,14,579,2739,1429,437,142,136,152,106,46,94,2,13,52,36,42,147,CITY,372,1.02,93978,435,33.747549,-84.39569
33.756583,-84.389354,4,0,,"77 FORSYTH ST., SW. ATLANTA GA 30303",ATLHOLD,ATLANTA DISTRICT HOLD ROOM,"77 FORSYTH ST., SW.",ATLANTA,FULTON,GA,30303,11,ATL,ATL,Other,HOLD,Yes,1,04.11.2017,30.03.2000,7,1,2,1,0,0,1147,7246,4791,4649,0,1,0,1,0,1,0,0,0,0,0,1,FEDERAL,350,0.96,602,12,33.756583,-84.389354
26.18407,-80.118515,3,0,,4545 NORTH FEDERAL HIGHWAY FORT LAUDERDALE FL 33308,ASHRSFL,ATLANTIC SHORES HOSPITAL,4545 NORTH FEDERAL HIGHWAY,FORT LAUDERDALE,BROWARD,FL,33308,11,MIA,KRO,Other,HOSPITAL,No,0,08.05.2017,01.12.2010,0,0,0,1,1,1,2,13,43,35,0,0,0,0,1,0,1,0,0,0,0,0,,105,0.29,160,3,26.18407,-80.118515
30.2957,-82.1222,1134,30.2957,,1 SHERIFF OFFICE DRIVE MACCLENNY FL 32063,BAKERFL,BAKER COUNTY SHERIFF'S OFFICE,1 SHERIFF OFFICE DRIVE,MACCLENNY,BAKER,FL,32063,11,MIA,KRO,IGSA,IGSA,Yes,288,04.11.2017,07.06.2000,292,278,272,188,168,228,471,1949,1304,990,66,213,48,224,5,183,7,161,119,53,41,66,COUNTY,372,1.02,99327,297,30.28218,-82.12206
35.373308,-119.010636,3,0,,800 TRUXTUN BAKERSFIELD CA 93301,BKLHOLD,BAKERFIELD HOLD,800 TRUXTUN,BAKERSFIELD,SUMMIT,CA,93301,9,SFR,BKI,Other,HOLD,Yes,0,03.11.2017,11.02.2008,18,1,0,1,0,1,167,3592,4546,3075,0,0,0,0,0,1,0,0,0,0,0,0,FEDERAL,19,0.05,42,18,35.373308,-119.010636
30.884394,-87.774802,12,0,,200 HAND AVE. BAY MINETTE AL 36507,BALDWAL,BALDWIN COUNTY CORRECTIONAL CENTER,200 HAND AVE.,BAY MINETTE,BALDWIN,AL,36507,11,NOL,NOL,IGSA,IGSA,Yes,1,04.11.2017,20.04.2011,11,4,3,2,1,2,77,482,264,252,2,2,1,2,0,1,0,1,1,1,1,2,COUNTY (SHERIFF),312,0.85,1061,15,30.884394,-87.774802
39.256226,-76.683357,2,0,,1530 CATON CENTER DRIVE BALTIMORE MD 21227,BALHOLD,BALTIMORE DD&P,1530 CATON CENTER DRIVE,BALTIMORE,BALTIMORE,MD,21227,4,BAL,BAL,Other,HOLD,Yes,0,29.10.2017,01.07.2001,3,2,0,0,0,0,270,1579,1128,1003,0,2,0,0,0,0,0,0,1,1,0,0,FEDERAL,54,0.15,88,11,39.256226,-76.683357
40.629134,-80.239164,10,0,,6000 WOODLAWN BOULEVARD ALIQUIPPA PA 15001,BEAVRPA,BEAVER COUNTY JAIL,6000 WOODLAWN BOULEVARD,ALIQUIPPA,BEAVER,PA,15001,3,PHI,PIT,USMS IGA,USMS IGA,Yes,6,04.11.2017,28.08.2017,17,9,1,0,0,0,40,45,0,0,3,6,0,0,0,0,0,0,3,1,2,3,COUNTY (SHERIFF),39,0.11,187,16,40.629134,-80.239164
41.4053,-81.498,22,41.4053,,5661 PERKINS ROAD BEDFORD HTS OH 44146,BEDFOOH,BEDFORD HEIGHTS CITY JAIL,5661 PERKINS ROAD,BEDFORD HTS,CUYAHOGA,OH,44146,6,DET,CLE,IGSA,IGSA,Yes,0,27.04.2015,31.12.1996,0,0,0,0,0,22,0,0,0,36,0,0,0,0,0,0,0,0,0,0,0,0,CITY,0,0,0,0,41.405083,-81.498566
32.841156,-97.132054,64,0,,2121 L DON DODSON DRIVE BEDFORD TX 76021,BEDCITX,BEDFORD MUNICIPAL DETENTION CENTER,2121 L DON DODSON DRIVE,BEDFORD,TARRANT,TX,76021,5,DAL,DAL,IGSA,IGSA,Yes,0,04.11.2017,06.07.1999,27,7,12,16,11,18,175,3724,4344,2828,3,4,3,9,3,12,2,9,1,1,1,3,CITY,225,0.62,4446,56,32.841156,-97.132054
48.822493,-122.55926,1,0,,1431 SUNSET AVE FERNDALE WA 98248,BLHHOLD,BELLINGHAM BPS ERO HOLDROOM,1431 SUNSET AVE,FERNDALE,WHATCOM,WA,98248,9,SEA,,Other,HOLD,Yes,1,04.11.2017,14.09.2017,1,1,0,0,0,0,15,66,59,0,0,1,0,0,0,0,0,0,1,0,0,0,,3,0.01,1,1,48.822493,-122.55926
40.8733,-74.0401,981,40.8733,,160 SOUTH RIVER STREET HACKENSACK NJ 7601,BERGENJ,BERGEN COUNTY JAIL,160 SOUTH RIVER STREET,HACKENSACK,BERGEN,NJ,7601,3,NYC,VRK,USMS IGA,USMS IGA,Yes,378,04.11.2017,13.06.1989,380,336,225,147,106,167,367,964,540,384,110,225,76,149,39,109,3,103,91,45,90,110,COUNTY (SHERIFF),372,1.02,82301,324,40.900205,-74.036051
40.3793,-76.0195,348,40.3793,,1040 BERKS ROAD LEESPORT PA 19533,BEFAMPA,BERKS COUNTY FAMILY SHELTER,1040 BERKS ROAD,LEESPORT,BERKS,PA,19533,3,PHI,BRK,IGSA,FAMILY,Yes,67,04.11.2017,07.01.2001,71,59,65,79,80,65,45,623,429,462,58,1,65,0,79,0,80,0,0,0,1,58,COUNTY,372,1.02,23814,88,40.25332,-75.806738
32.659732,-117.109774,3,0,,800 BAY MARINA DR NATIONAL CITY CA 91950,BWMARCA,BEST WESTERN MARINA,800 BAY MARINA DR,NATIONAL CITY,SAN DIEGO,CA,91950,9,SND,,Other,Other,Yes,0,05.02.2017,16.01.2017,0,0,3,0,0,0,10,422,0,0,0,0,3,0,0,0,0,0,0,0,0,0,HOTEL,18,0.05,1006,158,32.659732,-117.109774
39.0366,-84.7283,695,39.0366,,3020 CONRAD LANE BURLINGTON KY 41005,BOONEKY,BOONE COUNTY JAIL,3020 CONRAD LANE,BURLINGTON,BOONE,KY,41005,6,CHI,CHI,USMS IGA,USMS IGA,Yes,136,04.11.2017,15.02.1994,150,134,154,142,119,146,255,1623,1288,1170,30,104,32,121,12,130,9,110,37,37,29,30,COUNTY (JAILER),372,1.02,56080,195,39.037352,-84.723517
42.726811,-92.465645,1,0,,111 4TH STREET NE WAVERLY IA 50677,BREMEIA,BREMER COUNTY JAIL,111 4TH STREET NE,WAVERLY,BREMER,IA,50677,8,SPM,,USMS IGA,USMS IGA,Yes,0,04.10.2017,14.05.1997,1,0,1,0,0,0,14,59,0,0,0,0,0,1,0,0,0,0,0,0,0,0,,70,0.19,300,13,42.726811,-92.465645
41.528728,-73.363545,1,0,,BRIDGEWATER STATE HOSPITAL BRIDGEWATER MA 2324,MABSHOS,BRIDGEWATER STATE HOSPITAL,BRIDGEWATER STATE HOSPITAL,BRIDGEWATER,PLYMOUTH,MA,2324,1,BOS,BOS,Other,HOSPITAL,No,0,11.06.2015,09.11.2000,0,0,0,0,1,0,0,1,0,3,0,0,0,0,0,0,0,0,0,0,0,0,HOSPITAL,0,0,0,0,41.528728,-73.363545
41.6657,-70.9949,691,41.6657,,400 FAUNCE CORNER ROAD NORTH DARTMOUTH MA 2747,BRINDMA,BRISTOL COUNTY DETENTION CENTER,400 FAUNCE CORNER ROAD,NORTH DARTMOUTH,BRISTOL,MA,2747,1,BOS,BOS,IGSA,IGSA,Yes,193,04.11.2017,19.08.1996,199,177,176,116,81,141,215,875,579,469,41,136,47,129,33,83,10,71,98,16,22,41,COUNTY (SHERIFF),372,1.02,64241,200,41.666564,-70.991261
27.2479,-98.1268,136,27.2479,,901 COUNTY ROAD 201 FALFURRIAS TX 78355,BROKSTX,BROOKS COUNTY DETENTION CENTER,901 COUNTY ROAD 201,FALFURRIAS,BROOKS,TX,78355,5,SNA,PIC,USMS IGA,USMS IGA,Yes,41,04.11.2017,03.07.2005,51,37,32,23,1,43,61,1612,1343,116,36,2,28,4,20,3,1,0,0,0,1,36,GEO,225,0.62,11835,99,27.246853,-98.124549
26.2772,-80.151,2889,26.2772,,3900 NORTH POWERLINE ROAD POMPANO BEACH FL 33073,WCCPBFL,BROWARD TRANSITIONAL CENTER,3900 NORTH POWERLINE ROAD,POMPANO BEACH,BROWARD,FL,33073,11,MIA,KRO,CDF,CDF,Yes,645,04.11.2017,26.08.2002,672,640,628,618,405,598,1324,5141,3704,2456,551,89,544,84,562,56,355,50,1,18,69,552,GEO,361,0.99,229121,698,26.275748,-80.151987
43.0202,-78.2026,2593,43.0202,,4250 FEDERAL DRIVE BATAVIA NY 14020,BTV,BUFFALO SERVICE PROCESSING CENTER,4250 FEDERAL DRIVE,BATAVIA,GENESEE,NY,14020,2,BUF,BTV,SPC,SPC,Yes,562,04.11.2017,23.05.1995,598,570,566,540,424,493,581,2647,2551,2414,255,316,268,298,266,274,162,262,223,56,37,255,AGS,372,1.02,206589,635,43.021003,-78.199196
30.7454,-98.2461,7,30.7454,,JAIL ADMINISTRATOR BURNET TX 78611,BURNETX,BURNET COUNTY JAIL,JAIL ADMINISTRATOR,BURNET,BURNET,TX,78611,5,SNA,AUS,IGSA,IGSA,Yes,0,04.11.2017,28.05.1998,9,1,1,1,2,2,13,280,309,391,0,1,0,1,0,1,0,1,0,0,0,1,COUNTY (SHERIFF),225,0.62,524,20,30.763329,-98.2167
37.511563,-98.824534,33,0,,701 SE STONE ROAD EL DORADO KS 67042,BUTLEKS,BUTLER COUNTY JAIL,701 SE STONE ROAD,EL DORADO,BUTLER,KS,67042,10,CHI,WIC,USMS IGA,USMS IGA,Yes,8,04.11.2017,30.05.2002,11,8,8,5,5,7,15,121,84,79,2,5,2,6,0,5,1,4,2,1,2,2,COUNTY (SHERIFF),372,1.02,2992,18,37.511563,-98.824534
39.3881,-84.5559,510,39.3881,,705 HANOVER STREET HAMILTON OH 45011,BUTLEOH,BUTLER COUNTY JAIL,705 HANOVER STREET,HAMILTON,BUTLER,OH,45011,6,DET,CLM,IGSA,IGSA,Yes,132,04.11.2017,03.10.2002,181,167,124,81,55,83,199,1037,626,584,66,101,37,87,19,62,4,51,32,32,38,66,COUNTY (SHERIFF),372,1.02,45437,178,39.38989,-84.555628
41.727683,-111.836178,87,0,,50 WEST 200 NORTH LOGAN UT 84321,CACHEUT,CACHE COUNTY JAIL,50 WEST 200 NORTH,LOGAN,CACHE,UT,84321,10,SLC,SLC,USMS IGA,USMS IGA,Yes,44,04.11.2017,12.06.1997,63,51,36,0,0,0,204,1480,0,0,11,40,6,30,0,0,0,0,23,12,5,11,COUNTY,297,0.81,13164,72,41.727683,-111.836178
39.642682,-94.046435,110,0,,280 WEST MAIN STREET KINGSTON MO 64650,CALDWMO,CALDWELL COUNTY DETENTION CENTER,280 WEST MAIN STREET,KINGSTON,CALDWELL,MO,64650,8,CHI,KAN,IGSA,IGSA,Yes,20,04.11.2017,19.01.2004,25,22,20,21,24,23,19,184,206,326,9,13,10,10,6,15,3,21,4,1,8,9,COUNTY (SHERIFF),372,1.02,7242,32,39.642682,-94.046435
42.3157,-85.1767,741,42.3157,,185 EAST MICHIGAN AVENUE BATTLE CREEK MI 49014,CALHOMI,CALHOUN COUNTY CORRECTIONAL CENTER,185 EAST MICHIGAN AVENUE,BATTLE CREEK,BRANCH,MI,49014,6,DET,DET,IGSA,IGSA,Yes,172,04.11.2017,25.07.1995,211,197,183,148,86,127,292,1435,899,752,83,114,74,109,61,87,16,70,55,30,29,83,COUNTY (SHERIFF),372,1.02,66758,230,42.315524,-85.176253
35.158037,-117.86201,24,0,,22844 VIRGINIA BOULEVARD CALIFORNIA CITY CA 93505,CACTYCA,CALIFORNIA CITY CORRECTIONAL CENTER,22844 VIRGINIA BOULEVARD,CALIFORNIA CITY,KERN,CA,93505,9,SFR,BKI,USMS IGA,USMS IGA,Yes,0,28.11.2013,07.03.2011,0,0,0,0,0,24,0,0,0,0,0,0,0,0,0,0,0,0,0,0,0,0,CCA,0,0,0,0,35.158037,-117.86201
40.489338,-78.702639,64,0,,425 MANOR DRIVE EBENSBURG PA 15931,CAMBRPA,CAMBRIA COUNTY JAIL,425 MANOR DRIVE,EBENSBURG,CAMBRIA,PA,15931,3,PHI,YRK,USMS IGA,USMS IGA,Yes,29,04.11.2017,19.05.1987,50,33,25,4,0,2,154,875,450,0,18,15,15,10,1,4,0,0,10,2,4,18,COUNTY (PRISON),342,0.94,9032,80,40.489338,-78.702639
44.789,-93.5933,165,44.789,,600 EAST FOURTH ST. CHASKA MN 55318,CARJAMN,CARVER COUNTY JAIL,600 EAST FOURTH ST.,CHASKA,CARVER,MN,55318,8,SPM,SPM,IGSA,IGSA,Yes,43,04.11.2017,31.10.1990,55,46,38,29,17,35,65,340,212,109,14,32,11,27,4,25,2,15,19,9,5,14,COUNTY (SHERIFF),372,1.02,13840,57,44.788657,-93.594014
47.466367,-111.382141,7,0,,3800 ULM NORTH FRONTAGE ROAD GREAT FALLS MT 59404,CASCAMT,CASCADE COUNTY JAIL,3800 ULM NORTH FRONTAGE ROAD,GREAT FALLS,CASCADE,MT,59404,9,SLC,HEL,USMS IGA,USMS IGA,Yes,1,04.11.2017,18.01.1991,5,2,2,1,1,1,23,95,34,48,1,1,1,1,0,1,0,1,0,1,0,1,COUNTY (SHERIFF),260,0.71,605,8,47.466367,-111.382141
41.0112,-95.8831,53,41.0112,,336 MAIN STREET PLATTSMOUTH NE 68048,CASSCNE,CASS COUNTY JAIL,336 MAIN STREET,PLATTSMOUTH,CASS,NE,68048,8,SPM,OMA,USMS IGA,USMS IGA,Yes,11,04.11.2017,10.11.1998,13,12,13,6,5,17,12,166,40,61,2,10,1,11,1,5,0,5,5,3,2,2,COUNTY (SHERIFF),372,1.02,4711,31,41.011089,-95.882942
33.0442,-111.377,144,33.0442,,1155 NORTH PINAL PARKWAY FLORENCE AZ 85132,CCADCAZ,CCA CENTRAL ARIZONA DETENTION CENTER,1155 NORTH PINAL PARKWAY,FLORENCE,PINAL,AZ,85132,9,PHO,FLO,USMS IGA,USMS IGA,Yes,0,07.09.2016,08.01.1998,0,0,0,0,32,112,0,0,9,359,0,0,0,0,0,0,21,11,0,0,0,0,CCA,0,0,0,0,33.042946,-111.379103
33.0371,-111.371,2683,33.0371,,1100 BOWLING ROAD FLORENCE AZ 85132,CCAFLAZ,"CCA, FLORENCE CORRECTIONAL CENTER",1100 BOWLING ROAD,FLORENCE,PINAL,AZ,85132,9,PHO,FLO,USMS IGA,USMS IGA,Yes,659,04.11.2017,04.11.1987,662,566,732,712,358,315,706,4866,6456,3511,294,272,466,266,486,225,169,189,105,54,111,297,CCA,372,1.02,267138,1135,33.036771,-111.370421
29.4236,-98.4973,2,29.4236,,218 S. LAREDO ST SAN ANTONIO TX 78207,WACLATX,CENTRAL TEXAS DETENTION FACILITY,218 S. LAREDO ST,SAN ANTONIO,BEXAR,TX,78207,5,SNA,SNA,USMS IGA,USMS IGA,Yes,0,24.10.2017,07.04.1997,3,0,1,0,0,1,10,140,48,76,0,0,0,1,0,0,0,0,0,0,0,0,GEO,146,0.4,240,5,29.424619,-98.49735
32.847072,-80.014287,134,0,,3841 LEEDS AVENUE NORTH CHARLESTON SC 29405,CHARLSC,CHARLESTON COUNTY DETENTION CENTER,3841 LEEDS AVENUE,NORTH CHARLESTON,CHARLESTON,SC,29405,4,ATL,CHL,USMS IGA,USMS IGA,Yes,7,04.11.2017,31.10.1997,47,23,83,9,9,10,393,2662,921,954,8,15,64,19,1,8,0,9,5,6,4,8,COUNTY (SHERIFF),366,1,30348,269,32.847072,-80.014287
38.366841,-96.539009,267,0,,301 SOUTH WALNUT STREET COTTONWOOD FALLS KS 66845,CHASEKS,CHASE COUNTY DETENTION FACILITY,301 SOUTH WALNUT STREET,COTTONWOOD FALLS,CHASE,KS,66845,10,CHI,WIC,IGSA,IGSA,Yes,77,04.11.2017,25.07.1994,96,86,63,44,32,42,112,655,444,353,29,57,17,46,9,35,2,30,20,17,20,29,COUNTY (SHERIFF),372,1.02,22960,115,38.366841,-96.539009
42.2546,-79.5036,20,42.2546,,15 E. CHAUTAUQUA STREET MAYVILLE NY 14757,CHACONY,CHAUTAUQUA COUNTY JAIL,15 E. CHAUTAUQUA STREET,MAYVILLE,CHAUTAUQUA,NY,14757,2,BUF,BUF,IGSA,IGSA,Yes,2,04.11.2017,29.10.1987,6,4,4,5,2,5,6,43,42,28,3,1,2,2,3,2,1,1,1,0,0,3,COUNTY (SHERIFF),345,0.95,1494,12,42.255105,-79.50367
46.497911,-84.345852,118,0,,325 COURT STREET SAULT SAINTE MARIE MI 49783,CHIPPMI,CHIPPEWA COUNTY SSM,325 COURT STREET,SAULT SAINTE MARIE,CHIPPEWA,MI,49783,6,DET,DET,IGSA,IGSA,Yes,41,04.11.2017,30.09.1991,45,43,28,18,9,20,54,194,65,45,19,24,15,13,6,11,1,8,14,4,6,19,COUNTY (SHERIFF),372,1.02,10126,53,46.497911,-84.345852
37.019872,-93.205169,56,0,,110 WEST ELM OZARK MO 65721,CHRISMO,CHRISTIAN COUNTY JAIL,110 WEST ELM,OZARK,CHRISTIAN,MO,65721,8,CHI,SPG,IGSA,IGSA,Yes,13,04.11.2017,03.01.2004,16,11,14,13,11,7,16,147,122,113,4,8,4,10,4,9,0,11,2,2,5,4,COUNTY (SHERIFF),372,1.02,4949,22,37.019872,-93.205169
35.181496,-107.90851,474,0,,2000 CIBOLA LOOP MILAN NM 87021,CIBOCNM,CIBOLA COUNTY CORRECTIONAL CENTER,2000 CIBOLA LOOP,MILAN,CIBOLA,NM,87021,10,ELP,CIB,IGSA,IGSA,Yes,236,04.11.2017,27.12.2016,236,180,294,0,0,0,960,3615,0,0,123,57,197,97,0,0,0,0,21,13,24,123,CCA,285,0.78,107368,798,35.181496,-107.90851
39.5237,-87.119,228,39.5237,,611 EAST JACKSON STREET BRAZIL IN 47834,CLAYCIN,CLAY COUNTY JAIL,611 EAST JACKSON STREET,BRAZIL,CLAY,IN,47834,7,CHI,CHI,USMS IGA,USMS IGA,Yes,46,04.11.2017,23.07.2013,62,37,51,53,52,35,348,2155,1767,1631,9,28,7,44,4,48,4,48,11,8,9,9,COUNTY (SHERIFF),372,1.02,18595,91,39.523813,-87.120234
41.154752,-77.337047,112,0,,419 SHOEMAKER ROAD LOCK HAVEN PA 17745,CLINTPA,CLINTON COUNTY CORRECTIONAL FACILITY,419 SHOEMAKER ROAD,LOCK HAVEN,CLINTON,PA,17745,3,PHI,ALW,USMS IGA,USMS IGA,Yes,23,04.11.2017,21.04.2001,43,25,50,12,11,14,160,986,823,751,1,24,10,40,0,12,0,10,21,3,0,1,COUNTY (CORRECTIONS),372,1.02,18256,87,41.154752,-77.337047
44.7202,-73.4672,57,44.7202,,25 MCCARTHY DRIVE PLATTSBURGH NY 12901,CLICONY,CLINTON COUNTY JAIL,25 MCCARTHY DRIVE,PLATTSBURGH,CLINTON,NY,12901,2,BUF,CHM,USMS IGA,USMS IGA,Yes,11,04.11.2017,16.10.1987,21,15,20,14,3,5,75,384,225,146,12,3,17,2,12,3,1,2,0,0,3,12,COUNTY (SHERIFF),372,1.02,7146,34,44.719159,-73.468618
27.739633,-97.760526,826,0,,4909 FM (FARM TO MARKET) 2826 ROBSTOWN TX 78380,CBENDTX,COASTAL BEND DETENTION FACILITY,4909 FM (FARM TO MARKET) 2826,ROBSTOWN,NUECES,TX,78380,5,HOU,PIC,USMS IGA,USMS IGA,Yes,3,04.11.2017,09.06.2012,4,1,172,0,41,612,191,862,0,930,1,0,167,5,0,0,38,2,0,0,0,1,GEO,219,0.6,62835,400,27.739633,-97.760526
33.899167,-84.574089,14,0,,1825 COUNTY SERVICES PARKWAY MARIETTA GA 30060,COBBJGA,COBB COUNTY JAIL,1825 COUNTY SERVICES PARKWAY,MARIETTA,COBB,GA,30060,11,ATL,ATL,IGSA,IGSA,Yes,0,04.11.2017,15.02.2005,15,7,4,1,1,1,140,564,117,141,2,5,1,3,0,1,0,1,1,3,1,2,COUNTY (SHERIFF),311,0.85,1490,16,33.899167,-84.574089
26.126087,-81.765008,30,0,,3301 TAMIAMI TRAIL EAST NAPLES FL 34112,COLLIFL,COLLIER COUNTY NAPLES JAIL CENTER,3301 TAMIAMI TRAIL EAST,NAPLES,COLLIER,FL,34112,11,MIA,KRO,IGSA,IGSA,Yes,5,04.11.2017,17.11.1990,17,8,6,4,5,7,148,830,471,566,2,6,1,5,0,4,0,5,1,3,2,2,COUNTY (SHERIFF),362,0.99,2360,19,26.126087,-81.765008
34.081977,-80.976258,50,0,,7901 FARROW ROAD COLUMBIA SC 29203,COLCASC,COLUMBIA CARE CENTER,7901 FARROW ROAD,COLUMBIA,RICHLAND,SC,29203,4,ATL,CHL,Other,HOSPITAL,No,19,04.11.2017,05.03.1999,20,18,14,7,10,1,53,117,54,58,5,13,4,10,2,5,2,8,9,2,2,5,HOSPITAL,372,1.02,4960,27,34.081977,-80.976258
45.847792,-122.819709,3,0,,901 PORT AVENUE SAINT HELENS OR 97051,COLUMOR,COLUMBIA COUNTY JAIL,901 PORT AVENUE,SAINT HELENS,COLUMBIA,OR,97051,9,SEA,POO,USMS IGA,USMS IGA,Yes,0,24.04.2014,19.07.1991,0,0,0,0,0,3,0,0,0,0,0,0,0,0,0,0,0,0,0,0,0,0,COUNTY (SHERIFF),0,0,0,0,45.847792,-122.819709
25.72894,-80.423682,6,0,,11750 S.W. BIRD RD. MIAMI FL 33175,CKHOSFL,COLUMBIA KENDAL HOSPITAL,11750 S.W. BIRD RD.,MIAMI,MIAMI-DADE,FL,33175,11,MIA,KRO,Other,HOSPITAL,No,0,18.10.2017,29.01.1997,1,0,3,1,1,1,87,373,288,252,0,0,0,2,0,1,0,1,0,0,0,0,HOSPITAL,324,0.89,915,6,25.72894,-80.423682
25.732962,-80.383242,4,0,,3901 SW 117TH AVE. MIAMI FL 33175,COMFTFL,COMFORT SUITES HOTEL,3901 SW 117TH AVE.,MIAMI,MIAMI-DADE,FL,33175,11,MIA,KRO,Other,Other,Yes,0,18.10.2017,21.01.2000,2,0,1,1,1,1,11,111,104,124,0,0,0,0,1,0,1,0,0,0,0,0,HOTEL,86,0.24,188,7,25.732962,-80.383242
38.018321,-122.133084,2,0,,1000 WARD STREET MARTINEZ CA 94553,CONCOCA,CONTRA COSTA COUNTY JAIL,1000 WARD STREET,MARTINEZ,CONTRA COSTA,CA,94553,9,SFR,SFR,USMS IGA,USMS IGA,Yes,0,30.10.2017,06.04.2010,2,0,0,1,1,0,4,42,119,43,0,0,0,0,0,1,0,0,0,0,0,0,COUNTY,21,0.06,45,11,38.018321,-122.133084
37.9944,-122.354,963,37.9944,,5555 GIANT HIGHWAY RICHMOND CA 94806,CONWECA,CONTRA COSTA COUNTY JAIL WEST,5555 GIANT HIGHWAY,RICHMOND,CONTRA COSTA,CA,94806,9,SFR,SFR,USMS IGA,USMS IGA,Yes,214,04.11.2017,05.04.2010,231,211,203,196,120,233,263,1321,1586,975,53,158,36,167,35,161,27,92,56,60,41,55,COUNTY (SHERIFF),372,1.02,74153,274,37.993542,-122.353032
46.142525,-122.917403,4,0,,1725 1ST AVE. LONGVIEW WA 98632,COWJVWA,COWLITZ COUNTY JUVENILE,1725 1ST AVE.,LONGVIEW,COWLITZ,WA,98632,9,SEA,POO,IGSA,JUVENILE,Yes,3,04.11.2017,02.10.2007,3,2,1,1,0,0,1,3,3,1,0,2,0,1,0,1,0,0,0,1,1,0,COUNTY,200,0.55,234,3,46.142525,-122.917403
28.74837,-99.845425,40,0,,6901 N HIGHWAY 83 CRYSTAL CITY TX 78839,CRYCCTX,CRYSTAL CITY CORRECTIONAL CENTER,6901 N HIGHWAY 83,CRYSTAL CITY,ZAVALA,TX,78839,5,SNA,SNA,USMS IGA,USMS IGA,Yes,0,05.01.2014,20.12.1998,0,0,0,0,0,40,0,0,0,0,0,0,0,0,0,0,0,0,0,0,0,0,COUNTY,0,0,0,0,28.74837,-99.845425
45.569644,-122.656146,9,0,,50 COUNTY WAY PORTLAND ME 4102,CUMBEME,CUMBERLAND COUNTY JAIL,50 COUNTY WAY,PORTLAND,CUMBERLAND,ME,4102,1,BOS,POM,USMS IGA,USMS IGA,Yes,5,04.11.2017,26.05.1993,6,3,3,1,1,1,32,96,35,48,2,1,1,2,0,0,0,0,0,0,0,2,COUNTY (SHERIFF),351,0.96,1159,12,45.569644,-122.656146
42.415858,-96.418686,6,0,,1601 BROADWAY DAKOTA CITY NE 68731,DAKOTNE,DAKOTA COUNTY JAIL,1601 BROADWAY,DAKOTA CITY,DAKOTA,NE,68731,8,SPM,OMA,USMS IGA,USMS IGA,Yes,2,04.11.2017,21.11.1994,6,2,2,1,0,1,32,223,98,75,1,1,0,2,0,1,0,0,0,1,0,1,COUNTY (SHERIFF),265,0.73,850,14,42.415858,-96.418686
32.777405,-96.811278,12,0,,111 WEST COMMERCE STREET DALLAS TX 75202,DALCOTX,DALLAS COUNTY JAIL - LEW STERRETT JUSTICE CENTER,111 WEST COMMERCE STREET,DALLAS,DALLAS,TX,75202,5,DAL,DAL,USMS IGA,USMS IGA,Yes,0,04.11.2017,07.05.1990,22,9,3,0,0,0,199,1229,0,0,3,5,1,2,0,0,0,0,1,2,3,3,COUNTY,161,0.44,1213,21,32.777405,-96.811278
32.82514,-96.87117,3,0,,8101 N STEMMONS FWY DALLAS TX 75247,DALHOLD,DALLAS FIELD OFFICE HOLD ROOM,8101 N STEMMONS FWY,DALLAS,DALLAS,TX,75247,5,DAL,DAL,Other,HOLD,Yes,0,25.09.2017,26.02.1997,0,0,1,1,1,0,886,11937,12122,10320,0,0,0,1,1,0,0,1,0,0,0,0,FEDERAL,308,0.84,470,22,32.82514,-96.87117
36.156808,-86.7719,26,0,,448 2ND AVENUE NASHVILLE TN 37210,DAVIDTN,DAVIDSON COUNTY SHERIFF,448 2ND AVENUE,NASHVILLE,DAVIDSON,TN,37210,6,NOL,NOL,IGSA,IGSA,Yes,3,04.11.2017,21.05.1997,18,8,5,4,4,5,128,627,533,578,3,5,1,4,0,4,0,4,1,2,2,3,COUNTY (SHERIFF),355,0.97,1740,16,36.156808,-86.7719
42.314031,-83.202528,15,0,,16099 MICHIGAN AVE DEARBORN MI 48126,DEAPDMI,DEARBORN POLICE DEPARTMENT,16099 MICHIGAN AVE,DEARBORN,WAYNE,MI,48126,6,DET,DET,IGSA,IGSA,Yes,4,04.11.2017,19.03.1991,9,5,3,2,2,3,144,1135,618,576,3,2,2,1,1,1,1,1,0,1,0,3,CITY,325,0.89,1255,14,42.314031,-83.202528
33.928058,-86.022294,157,0,,2801 JORDAN ROAD FORT PAYNE AL 35968,DEKALAL,DEKALB COUNTY DETENTION CENTER,2801 JORDAN ROAD,FORT PAYNE,DEKALB,AL,35968,11,NOL,NOL,USMS IGA,USMS IGA,Yes,42,04.11.2017,02.09.2008,97,46,33,22,22,34,500,2857,1971,1966,19,27,10,23,3,19,2,20,9,7,11,20,COUNTY (SHERIFF),372,1.02,12163,79,33.928058,-86.022294
29.39471,-100.899887,4,0,,2401 DODSON AVENUE DEL RIO TX 78840,DLRHOLD,DEL RIO HOLD ROOM,2401 DODSON AVENUE,DEL RIO,VAL VERDE,TX,78840,5,SNA,SNA,Other,HOLD,Yes,0,30.10.2017,01.07.2013,21,2,1,1,0,0,14,1369,421,5,2,0,1,0,1,0,0,0,0,0,0,2,COUNTY,54,0.15,408,28,29.39471,-100.899887
40.7182,-74.1286,609,40.7182,,451 DOREMUS AVENUE NEWARK NJ 7105,DHDFNJ,DELANEY HALL DETENTION FACILITY,451 DOREMUS AVENUE,NEWARK,NEWARK,NJ,7105,3,NEW,NEW,IGSA,IGSA,Yes,0,22.02.2017,29.08.2011,0,0,0,181,126,302,0,2,1190,1117,0,0,0,0,161,20,105,21,0,0,0,0,CEC,145,0.4,146,2,40.71729,-74.127757
39.912078,-75.517617,5,0,,500 CHAYNEY ROAD THORNTON PA 19373,DELAWPA,DELAWARE CO JAIL,500 CHAYNEY ROAD,THORNTON,DELAWARE,PA,19373,3,PHI,PHI,USMS IGA,USMS IGA,Yes,0,04.11.2017,15.07.2015,5,2,2,1,0,0,68,548,367,51,1,1,1,1,1,1,0,0,0,0,0,1,COUNTY,289,0.79,686,9,39.912078,-75.517617
39.7606,-104.849,2653,39.7606,,3130 N. OAKLAND ST. AURORA CO 80010,DENICDF,DENVER CONTRACT DETENTION FACILITY,3130 N. OAKLAND ST.,AURORA,ARAPAHOE,CO,80010,10,DEN,DEN,CDF,CDF,Yes,646,04.11.2017,11.04.1987,683,644,720,477,395,417,746,5160,3574,3028,212,431,395,325,210,268,172,223,200,121,107,216,GEO,372,1.02,262842,926,39.762115,-104.850649
39.783559,-104.848808,1,0,,4730 PARIS ST. DENVER CO 80239,DENHOLD,DENVER HOLD ROOM,4730 PARIS ST.,DENVER,DENVER,CO,80239,10,DEN,DEN,Other,HOLD,Yes,1,01.11.2017,07.10.2007,3,1,0,0,0,0,221,1475,1282,1209,0,0,0,0,0,0,0,0,0,0,0,0,FEDERAL,107,0.29,146,4,39.783559,-104.848808
13.444257,144.786297,1,0,,3 MASHBURN LANE MANGILAO GU 96913,DEPCOGU,DEPARTMENT OF CORRECTIONS - MANGILAO,3 MASHBURN LANE,MANGILAO,GUAM,GU,96913,9,SFR,AGA,IGSA,IGSA,Yes,1,04.11.2017,23.01.1995,1,1,0,0,0,0,0,1,0,1,0,1,0,0,0,0,0,0,1,0,0,0,FEDERAL,26,0.07,26,1,13.444257,144.786297
13.444257,144.786297,46,0,,203 ASPINALL AVENUE HAGATNA GU 96910,GUDOCHG,DEPARTMENT OF CORRECTIONS HAGATNA,203 ASPINALL AVENUE,HAGATNA,GUAM,GU,96910,9,SFR,AGA,USMS IGA,USMS IGA,Yes,16,04.11.2017,21.05.2009,20,17,13,3,5,8,15,96,38,50,2,15,1,11,0,3,2,4,12,2,1,2,FEDERAL,372,1.02,4575,21,13.444257,144.786297
34.470995,-117.295979,2,0,,16850 BEAR VALLEY ROAD VICTORVILLE CA 92395,DSRTVCA,DESERT VALLEY HOSPITAL,16850 BEAR VALLEY ROAD,VICTORVILLE,COUNTY,CA,92395,9,LOS,ADE,Other,HOSPITAL,No,0,27.12.2016,11.06.2014,0,0,0,1,1,0,2,4,73,58,0,0,0,0,1,0,0,0,0,0,0,0,,3,0.01,3,1,34.470995,-117.295979
43.4076,-88.7041,916,43.4076,,215 WEST CENTRAL STREET JUNEAU WI 53039,DODGEWI,DODGE COUNTY JAIL,215 WEST CENTRAL STREET,JUNEAU,DODGE,WI,53039,7,CHI,CHI,USMS IGA,USMS IGA,Yes,177,04.11.2017,02.09.1986,196,173,191,199,160,193,478,2595,2976,2276,36,138,32,158,42,157,12,148,70,43,24,36,COUNTY (SHERIFF),372,1.02,69536,222,43.333208,-88.280921
32.306066,-106.805269,1,0,,1850 COPPER LOOP LAS CRUCES NM 88004,DONAANM,DONA ANA COUNTY DETENTION CENTER,1850 COPPER LOOP,LAS CRUCES,DONA ANA,NM,88004,10,ELP,ELP,IGSA,IGSA,Yes,0,05.02.2017,08.05.2001,0,0,1,0,0,0,0,18,0,0,0,0,1,0,0,0,0,0,0,0,0,0,COUNTY,87,0.24,426,11,32.306066,-106.805269
41.2534,-95.9384,319,41.2534,,710 SOUTH 17TH ST OMAHA NE 68102,DOCORNE,DOUGLAS COUNTY DEPARTMENT OF CORRECTIONS,710 SOUTH 17TH ST,OMAHA,DOUGLAS,NE,68102,8,SPM,OMA,IGSA,IGSA,Yes,41,04.11.2017,05.03.1991,43,41,63,82,62,71,37,239,570,622,5,37,4,58,8,74,5,57,10,13,14,5,COUNTY (CORRECTIONS),372,1.02,22870,130,41.254084,-95.938243
26.2966,-97.9181,459,26.2966,,1330 HIGHWAY 107 LA VILLA TX 78562,EHDLGTX,EAST HIDALGO DETENTION CENTER,1330 HIGHWAY 107,LA VILLA,HIDALGO,TX,78562,5,SNA,HLG,USMS IGA,USMS IGA,Yes,74,04.11.2017,23.03.2011,100,78,51,128,40,162,137,3208,7264,3607,68,10,39,12,111,17,30,10,5,3,2,68,GEO,370,1.01,18504,157,26.294515,-97.928756
32.801908,-115.569947,451,0,,1115 NORTH IMPERIAL AVENUE EL CENTRO CA 92243,ECC,EL CENTRO SERVICE PROCESSING CENTER,1115 NORTH IMPERIAL AVENUE,EL CENTRO,IMPERIAL,CA,92243,9,SND,ECC,SPC,SPC,Yes,0,25.09.2014,03.06.1983,0,0,0,0,0,451,0,0,0,0,0,0,0,0,0,0,0,0,0,0,0,0,ASSET (GUARD),0,0,0,0,32.801908,-115.569947
38.7879,-104.779,99,38.7879,,2739 EAST LAS VEGAS COLORADO SPRINGS CO 80906,ELPASCO,EL PASO COUNTY CRIMINAL JUSTICE CENTER,2739 EAST LAS VEGAS,COLORADO SPRINGS,EL PASO,CO,80906,10,DEN,DEN,IGSA,IGSA,Yes,0,02.11.2017,18.12.1990,3,1,1,6,27,64,12,93,228,951,0,0,0,1,1,5,10,17,0,0,0,0,COUNTY (SHERIFF),126,0.35,292,13,38.787837,-104.776715
31.793411,-106.369373,32,0,,8915 MONTANA AVE EL PASO TX 79925,ELPHOLD,EL PASO HOLD ROOM,8915 MONTANA AVE,EL PASO,EL PASO,TX,79925,5,ELP,EPC,Other,HOLD,Yes,13,04.11.2017,25.11.2014,56,15,10,6,1,0,336,16662,12915,2843,15,0,10,0,6,0,1,0,0,0,0,15,,371,1.02,3794,155,31.793411,-106.369373
31.793411,-106.369373,1,0,,8915 MONTANA ST. EL PASO TX 79925,EPCJUVI,EL PASO JUVENILE,8915 MONTANA ST.,EL PASO,EL PASO,TX,79925,5,ELP,EPC,Other,HOLD,Yes,1,04.11.2017,27.10.1998,17,1,0,0,0,0,565,915,11,17,1,0,0,0,0,0,0,0,0,0,0,1,FEDERAL,59,0.16,61,9,31.793411,-106.369373
31.7939,-106.369,3751,31.7939,,8915 MONTANA AVE. EL PASO TX 79925,EPC,EL PASO SERVICE PROCESSING CENTER,8915 MONTANA AVE.,EL PASO,EL PASO,TX,79925,5,ELP,EPC,SPC,SPC,Yes,770,04.11.2017,04.04.1984,848,742,767,819,706,717,1924,16669,16623,14772,454,288,461,306,422,397,379,327,60,44,182,456,GPS-ASSET,372,1.02,279980,917,31.793411,-106.369373
42.03956,-88.283999,4,0,,151 DOUGLAS AVENUE ELGIN IL 60120,ELGPDIL,ELGIN POLICE DEPARTMENT,151 DOUGLAS AVENUE,ELGIN,KANE,IL,60120,7,CHI,CHI,IGSA,IGSA,Yes,0,31.08.2017,15.05.1992,0,0,1,1,1,1,11,154,279,305,0,0,0,0,0,1,0,1,0,0,0,0,CITY,134,0.37,183,5,42.03956,-88.283999
40.6661,-74.1897,1415,40.6661,,625 EVANS STREET ELIZABETH NJ 7201,ELZICDF,ELIZABETH CONTRACT DETENTION FACILITY,625 EVANS STREET,ELIZABETH,UNION,NJ,7201,3,NEW,NEW,CDF,CDF,Yes,310,04.11.2017,22.01.1990,313,307,292,295,248,273,330,2033,1757,2081,166,141,166,126,168,126,150,97,49,31,61,166,CCA,372,1.02,106454,312,36.301353,-76.219129
43.137512,-115.672649,32,0,,2255 E. 8TH NORTH MOUNTAIN HOME ID 83647,ELMORID,ELMORE COUNTY JAIL,2255 E. 8TH NORTH,MOUNTAIN HOME,ELMORE,ID,83647,9,SLC,BOI,USMS IGA,USMS IGA,Yes,10,04.11.2017,15.06.2009,19,9,8,5,5,5,141,554,271,234,2,7,1,7,0,5,0,5,2,2,2,2,COUNTY (SHERIFF),372,1.02,2959,23,43.137512,-115.672649
32.8177,-111.52,7096,32.8177,,1705 EAST HANNA RD. ELOY AZ 85131,EAZ,ELOY FEDERAL CONTRACT FACILITY,1705 EAST HANNA RD.,ELOY,PINAL,AZ,85131,9,PHO,EAZ,IGSA,DIGSA,Yes,1436,04.11.2017,10.03.1991,1444,1401,1378,1433,1401,1483,1310,6873,6254,7079,780,621,759,619,742,691,711,690,230,154,232,785,CCA,372,1.02,502952,1489,32.821231,-111.549772
42.124846,-80.065922,13,0,,1618 ASH STREET ERIE PA 16503,ERICOPA,ERIE COUNTY JAIL,1618 ASH STREET,ERIE,ERIE,PA,16503,3,PHI,PIT,USMS IGA,USMS IGA,Yes,2,04.11.2017,17.10.1995,3,2,3,3,4,1,16,114,122,191,0,1,1,1,0,2,1,3,0,1,1,0,COUNTY (CORRECTIONS),272,0.75,931,29,42.124846,-80.065922
40.7212,-74.1272,2842,40.7212,,354 DOREMUS AVENUE NEWARK NJ 7105,ESSEXNJ,ESSEX COUNTY CORRECTIONAL FACILITY,354 DOREMUS AVENUE,NEWARK,ESSEX,NJ,7105,3,NEW,NEW,IGSA,IGSA,Yes,701,04.11.2017,13.03.1990,715,691,652,539,410,550,720,2584,1872,1654,279,412,277,375,136,403,62,349,293,57,61,279,COUNTY (CORRECTIONS),372,1.02,238063,787,40.721185,-74.125449
34.0166,-86.0124,1471,34.0166,,827 FORREST AVENUE GADSDEN AL 35901,ETOWAAL,ETOWAH COUNTY JAIL,827 FORREST AVENUE,GADSDEN,ETOWAH,AL,35901,11,NOL,ATL,USMS IGA,USMS IGA,Yes,297,04.11.2017,02.03.1996,325,309,301,278,281,302,422,1212,823,856,87,222,119,182,119,159,61,220,155,39,28,88,COUNTY (SHERIFF),372,1.02,109899,342,34.015943,-86.012259
32.828551,-97.099661,67,0,,1102 W. EULESS BLVD. EULESS TX 76040,EULESTX,EULESS CITY JAIL,1102 W. EULESS BLVD.,EULESS,TARRANT,TX,76040,5,DAL,DAL,IGSA,IGSA,Yes,0,04.11.2017,27.08.1988,23,6,13,18,13,17,180,3848,4739,3198,2,4,4,10,4,14,3,10,2,1,1,2,CITY,280,0.77,4777,73,32.828551,-97.099661
38.843485,-77.310997,2,0,,10520 JUDICIAL DRIVE FAIRFAX VA 22030,FXADCVA,FAIRFAX COUNTY ADULT DETENTION CENTER,10520 JUDICIAL DRIVE,FAIRFAX,FAIRFAX,VA,22030,4,WAS,WAS,IGSA,IGSA,Yes,0,02.11.2017,17.10.2003,4,1,1,0,0,0,84,228,0,0,0,0,0,0,0,0,0,0,0,0,0,0,COUNTY,95,0.26,306,12,38.843485,-77.310997
38.064797,-84.547314,3,0,,600 OLD FRANKFORD CR LEXINGTON KY 40510,FAYETKY,FAYETTE COUNTY DETENTION CENTER,600 OLD FRANKFORD CR,LEXINGTON,FAYETTE,KY,40510,6,CHI,CHI,USMS IGA,USMS IGA,Yes,0,04.11.2017,05.09.1992,5,1,1,1,0,0,53,257,276,88,0,1,0,1,0,1,0,0,0,0,0,0,COUNTY,222,0.61,434,13,38.064797,-84.547314
33.0637,-111.379,1909,33.0637,,3250 NORTH PINAL PARKWAY FLORENCE AZ 85132,FLO,FLORENCE SERVICE PROCESSING CENTER,3250 NORTH PINAL PARKWAY,FLORENCE,PINAL,AZ,85132,9,PHO,FLO,SPC,SPC,Yes,369,04.11.2017,31.08.1984,471,396,376,387,375,375,601,11939,12959,9846,292,104,282,94,321,65,271,104,8,6,89,292,ASSET (GUARD),372,1.02,137179,477,33.064974,-111.378531
33.065474,-111.378465,687,0,,3250 NORTH PINAL PARKWAY FLORENCE AZ 85232,FSF,FLORENCE STAGING FACILITY,3250 NORTH PINAL PARKWAY,FLORENCE,PINAL,AZ,85232,9,PHO,FLO,Other,STAGING,Yes,156,04.11.2017,21.05.1986,276,158,130,137,121,141,2774,30432,30628,28878,80,78,62,68,73,64,50,71,23,16,36,83,AKAL,372,1.02,47437,366,33.065474,-111.378465
30.879161,-81.978064,843,0,,3423 HIGHWAY 252 EAST FOLKSTON GA 31537,JAMESGA,FOLKSTON ICE PROCESSING CENTER,3423 HIGHWAY 252 EAST,FOLKSTON,CHARLTON,GA,31537,11,ATL,JAC,IGSA,DIGSA,Yes,555,04.11.2017,30.01.2017,629,588,255,0,0,0,1400,3126,0,0,236,352,202,53,0,0,0,0,246,57,49,236,GEO,245,0.67,92991,682,30.879161,-81.978064
36.096377,-80.242798,6,0,,201 NORTH CHURCH STREET WINSTON-SALEM NC 27101,FORSYNC,FORSYTH COUNTY JAIL,201 NORTH CHURCH STREET,WINSTON-SALEM,FORSYTH,NC,27101,4,ATL,CLT,USMS IGA,USMS IGA,Yes,3,04.11.2017,22.03.2000,6,1,2,1,1,1,61,296,278,225,0,1,0,1,0,1,0,1,0,0,0,0,COUNTY (SHERIFF),242,0.66,548,11,36.096377,-80.242798
42.5959,-72.6138,346,42.5959,,160 ELM STREET GREENFIELD MA 1301,GREENMA,FRANKLIN COUNTY HOUSE OF CORRECTION,160 ELM STREET,GREENFIELD,FRANKLIN,MA,1301,1,BOS,BOS,USMS IGA,USMS IGA,Yes,64,04.11.2017,23.12.1998,78,68,72,71,65,70,182,702,592,530,20,48,13,59,4,67,3,63,36,9,4,19,COUNTY (SHERIFF),372,1.02,26138,94,41.756835,-74.556964
39.3655,-77.4136,215,39.3655,,7300 MARCIE'S CHOICE LANE FREDERICK MD 21704,FREDEMD,FREDERICK COUNTY DETENTION CENTER,7300 MARCIE'S CHOICE LANE,FREDERICK,FREDERICK,MD,21704,4,BAL,BAL,IGSA,IGSA,Yes,45,04.11.2017,03.08.2006,51,42,42,39,40,52,43,331,317,339,22,19,20,22,11,29,7,32,3,4,12,23,COUNTY (SHERIFF),372,1.02,15204,54,39.365107,-77.413964
43.646,-93.368,337,43.646,,411 SOUTH BROADWAY AVENUE ALBERT LEA MN 56007,FREEBMN,FREEBORN COUNTY ADULT DETENTION CENTER,411 SOUTH BROADWAY AVENUE,ALBERT LEA,FREEBORN,MN,56007,8,SPM,SPM,IGSA,IGSA,Yes,89,04.11.2017,15.09.1996,102,95,82,61,44,55,140,698,493,371,34,62,23,59,17,44,4,41,28,15,17,34,COUNTY (SHERIFF),372,1.02,30000,103,43.645908,-93.368695
38.447049,-105.18323,1,0,,100 JUSTICE CENTER ROAD CANON CITY CO 81212,FREMOCO,FREMONT COUNTY JAIL,100 JUSTICE CENTER ROAD,CANON CITY,FREMONT,CO,81212,10,DEN,DEN,IGSA,IGSA,Yes,0,23.04.2014,24.10.1990,0,0,0,0,0,1,0,0,0,0,0,0,0,0,0,0,0,0,0,0,0,0,COUNTY (SHERIFF),0,0,0,0,38.447049,-105.18323
36.732647,-119.785212,3,0,,733 L STREET FRESNO CA 93721,FREHOLD,FRESNO HOLDROOM,733 L STREET,FRESNO,FRESNO,CA,93721,9,SFR,FRE,Other,HOLD,Yes,5,04.11.2017,14.07.2006,13,3,0,0,0,0,124,1083,1058,1106,0,3,0,0,0,0,0,0,2,0,0,0,FEDERAL,38,0.1,71,13,36.732647,-119.785212
34.740559,-97.221365,4,0,,201 WEST GRANT AVENUE PAULS VALLEY OK 73075,GARVIOK,GARVIN COUNTY DETENTION CENTER,201 WEST GRANT AVENUE,PAULS VALLEY,GARVIN,OK,73075,10,DAL,OKC,IGSA,IGSA,Yes,0,29.10.2017,04.03.1993,1,0,0,1,1,2,0,19,151,158,0,0,0,0,0,1,0,1,0,0,0,0,COUNTY (SHERIFF),8,0.02,27,8,34.740559,-97.221365
41.5047,-81.1915,230,41.5047,,12450 MERRITT DR CHARDON OH 44024,GEAUGOH,GEAUGA COUNTY JAIL,12450 MERRITT DR,CHARDON,GEAUGA,OH,44024,6,DET,CLE,USMS IGA,USMS IGA,Yes,92,04.11.2017,05.04.1996,92,81,50,38,33,28,102,438,338,734,31,50,30,20,17,21,2,31,17,15,19,31,COUNTY (SHERIFF),372,1.02,18160,76,41.503706,-81.193006
26.8386,-81.1247,1141,26.8386,,1297 EAST SR 78 MOORE HAVEN FL 33471,GLADEFL,GLADES COUNTY DETENTION CENTER,1297 EAST SR 78,MOORE HAVEN,GLADES,FL,33471,11,MIA,KRO,IGSA,IGSA,Yes,384,04.11.2017,16.07.2007,456,422,305,130,92,192,922,2765,1016,686,79,343,49,256,5,125,6,86,211,81,48,83,COUNTY (SHERIFF),365,1,111464,449,26.9998,-81.069327
47.935765,-97.055633,44,0,,1701 NORTH WASHINGTON ST GRAND FORKS ND 58206,GFCORND,GRAND FORKS COUNTY CORRECTIONAL FACILITY,1701 NORTH WASHINGTON ST,GRAND FORKS,GRAND FORKS,ND,58206,8,SPM,SPM,IGSA,IGSA,Yes,23,04.11.2017,17.02.1989,30,20,12,3,4,5,89,585,317,403,8,12,6,6,2,2,2,3,6,3,3,8,COUNTY (SHERIFF),356,0.98,4424,34,47.935765,-97.055633
37.491108,-86.25848,6,0,,320 SHAW STATION ROAD LEITCHFIELD KY 42754,GRAYSKY,GRAYSON COUNTY JAIL,320 SHAW STATION ROAD,LEITCHFIELD,GRAYSON,KY,42754,6,CHI,CHI,USMS IGA,USMS IGA,Yes,1,04.11.2017,16.12.1999,7,2,1,1,1,1,63,358,209,340,1,1,0,1,0,1,0,1,0,1,0,1,COUNTY (JAILER),235,0.64,522,12,37.491108,-86.25848
18.360096,-66.078484,51,0,,HWY 28 INTSECT OF ROAD 165 SAN JUAN PR 939,BOPGUA,GUAYNABO MDC (SAN JUAN),HWY 28 INTSECT OF ROAD 165,SAN JUAN,SAN JUAN,PR,939,1,MIA,SAJ,BOP,BOP,No,0,24.09.2017,21.06.1993,0,0,12,10,14,15,54,222,173,188,0,0,1,11,0,10,1,13,0,0,0,0,BOP,359,0.98,4467,25,18.360096,-66.078484
40.9269,-98.3281,187,40.9269,,110 PUBLIC SAFETY DRIVE GRAND ISLAND NE 68801,HASHENE,HALL COUNTY DEPARTMENT OF CORRECTIONS,110 PUBLIC SAFETY DRIVE,GRAND ISLAND,HALL,NE,68801,8,SPM,OMA,IGSA,IGSA,Yes,77,04.11.2017,04.02.1992,92,77,60,14,10,26,91,526,110,105,14,64,11,48,4,10,0,10,29,22,13,13,COUNTY (SHERIFF),372,1.02,21741,108,40.87227,-98.368698
34.239761,-83.812894,10,0,,1700 BARBER ROAD GAINESVILLE GA 30507,HALLJGA,HALL COUNTY JAIL,1700 BARBER ROAD,GAINESVILLE,HALL,GA,30507,11,ATL,ATL,USMS IGA,USMS IGA,Yes,1,04.11.2017,27.06.1995,7,2,3,2,1,2,96,424,161,167,0,2,1,2,0,2,0,1,1,0,1,0,COUNTY (SHERIFF),288,0.79,938,12,34.239761,-83.812894
36.802454,-76.378418,1,0,,2690 ELMHURST LANE PORTSMOUTH VA 23701,HRREGVA,HAMPTON ROADS REGIONAL JAIL,2690 ELMHURST LANE,PORTSMOUTH,PORTSMOUTH CITY,VA,23701,4,WAS,WAS,USMS IGA,USMS IGA,Yes,0,10.03.2014,16.06.2000,0,0,0,0,0,1,0,0,0,0,0,0,0,0,0,0,0,0,0,0,0,0,COUNTY (JAILER),0,0,0,0,36.802454,-76.378418
42.3601,-93.0976,242,42.3601,,1116 14TH AVENUE ELDORA IA 50627,HARDJIA,HARDIN COUNTY JAIL,1116 14TH AVENUE,ELDORA,HARDIN,IA,50627,8,SPM,OMA,IGSA,IGSA,Yes,78,04.11.2017,17.09.1997,84,67,67,45,24,39,100,416,285,245,11,57,20,46,18,27,1,23,32,16,8,12,COUNTY (SHERIFF),372,1.02,24332,84,42.359837,-93.097204
26.2002,-97.71681,25,0,,1717 ZOY STREET HARLINGEN TX 78550,HLGHOLD,HARLINGEN HOLD ROOM,1717 ZOY STREET,HARLINGEN,CAMERON,TX,78550,5,SNA,HLG,Other,HOLD,Yes,0,30.10.2017,15.05.2008,1,0,1,4,2,18,144,3557,12603,32167,0,0,1,0,4,0,2,0,0,0,0,0,,148,0.41,296,5,26.2002,-97.71681
26.255523,-97.667502,6,0,,5501 S EXPRESSWAY 71 HARLINGEN TX 78550,HMCHOTX,HARLINGEN MEDICAL CENTER,5501 S EXPRESSWAY 71,HARLINGEN,CAMERON,TX,78550,5,SNA,PIC,Other,HOSPITAL,No,1,04.11.2017,20.03.1989,1,1,0,1,3,1,0,8,80,155,0,1,0,0,1,0,2,1,1,0,0,0,HOSPITAL,41,0.11,44,2,26.255523,-97.667502
29.711648,-95.377664,1,0,,2800 S MACGREGOR WAY HOUSTON TX 77021,HCPSYTX,HARRIS COUNTY PSYCHIATRIC CENTER,2800 S MACGREGOR WAY,HOUSTON,HARRIS,TX,77021,5,HOU,,Other,HOSPITAL,No,1,04.11.2017,19.10.2016,2,1,0,0,0,0,1,6,0,0,0,0,0,0,0,0,0,0,0,0,0,0,,57,0.16,57,1,29.711648,-95.377664
35.314888,-82.456493,12,0,,375 1ST AVENUE EAST HENDERSONVILLE NC 28792,HENDENC,HENDERSON COUNTY DETENTION FACILITY,375 1ST AVENUE EAST,HENDERSONVILLE,HENDERSON,NC,28792,4,ATL,CLT,IGSA,IGSA,Yes,0,29.12.2014,19.09.2008,0,0,0,0,3,9,0,0,0,157,0,0,0,0,0,0,0,3,0,0,0,0,COUNTY (SHERIFF),0,0,0,0,35.314888,-82.456493
36.031,-114.979,1187,36.031,,18 E BASIC ROAD HENDERSON NV 89015,HENDENV,HENDERSON DETENTION CENTER,18 E BASIC ROAD,HENDERSON,CLARK,NV,89015,9,SLC,LVG,USMS IGA,USMS IGA,Yes,233,04.11.2017,04.02.2011,261,245,245,240,223,234,283,2334,2891,2407,45,200,38,208,19,221,6,217,72,65,63,45,CITY,372,1.02,89554,290,36.030087,-114.9796
26.328357,-98.146248,7,0,,3100 SOUTH HWY 281 EDINBURG TX 78539,HIDALTX,HIDALGO COUNTY JAIL,3100 SOUTH HWY 281,EDINBURG,HIDALGO,TX,78539,5,SNA,HLG,IGSA,IGSA,Yes,0,25.10.2017,08.08.1988,1,0,0,0,7,0,0,0,5,152,0,0,0,0,0,0,3,4,0,0,0,0,COUNTY,0,0,0,0,26.328357,-98.146248
21.3328,-157.929051,146,0,,351 ELLIOTT ST. HONOLULU HI 96819,BOPHON,HONOLULU FEDERAL DETENTION CENTER,351 ELLIOTT ST.,HONOLULU,HONOLULU,HI,96819,9,SFR,HHW,BOP,BOP,No,27,04.11.2017,11.02.2001,33,30,26,26,33,31,29,198,231,181,10,20,7,18,3,23,4,30,15,3,2,10,BOP,372,1.02,9349,36,21.3328,-157.929051
29.651068,-95.481224,1,0,,5556 GASSMER DR. HOUSTON TX 77035,HPBRGTX,HOPEBRIDGE HOSPITAL,5556 GASSMER DR.,HOUSTON,HARRIS,TX,77035,5,HOU,,Other,HOSPITAL,No,0,14.05.2017,08.05.2015,0,0,0,1,0,0,2,9,8,4,0,0,0,0,0,0,0,0,0,0,0,0,,88,0.24,88,1,29.651068,-95.481224
29.9497,-95.3122,4581,29.9497,,15850 EXPORT PLAZA DRIVE HOUSTON TX 77032,HOUICDF,HOUSTON CONTRACT DETENTION FACILITY,15850 EXPORT PLAZA DRIVE,HOUSTON,HARRIS,TX,77032,5,HOU,HOU,CDF,CDF,Yes,932,04.11.2017,21.07.1986,979,931,932,916,860,942,1784,14327,15021,16596,284,647,226,706,256,660,300,560,349,147,155,281,CCA,372,1.02,340063,1131,29.948868,-95.312927
29.95204,-95.312044,1,0,,5520 GREENS RD. HOUSTON TX 77032,HOUHOLD,HOUSTON FIELD OFFICE HOLD ROOM,5520 GREENS RD.,HOUSTON,HARRIS,TX,77032,5,HOU,HOU,Other,HOLD,Yes,1,04.11.2017,17.11.1994,1,0,0,0,0,1,741,7535,7928,9271,0,0,0,0,0,0,0,0,0,0,0,0,FEDERAL,62,0.17,95,12,29.95204,-95.312044
39.1694,-76.7818,337,39.1694,,7301 WATERLOO ROAD JESSUP MD 20794,HOWARMD,HOWARD COUNTY DETENTION CENTER,7301 WATERLOO ROAD,JESSUP,HOWARD,MD,20794,4,BAL,BAL,IGSA,IGSA,Yes,93,04.11.2017,25.11.1987,95,88,69,60,49,71,113,459,440,238,27,61,18,51,29,31,10,39,32,13,16,27,COUNTY (CORRECTIONS),372,1.02,25268,96,39.168995,-76.783253
40.7279,-74.1084,2694,40.7279,,30-35 HACKENSACK AVE. KEARNY NJ 7032,HUDSONJ,HUDSON COUNTY CORRECTIONAL CENTER,30-35 HACKENSACK AVE.,KEARNY,HUDSON,NJ,7032,3,NYC,VRK,IGSA,IGSA,Yes,610,04.11.2017,14.08.1995,669,636,638,491,455,474,715,2617,1762,1496,184,453,211,428,98,393,34,420,238,109,106,184,COUNTY (CORRECTIONS),372,1.02,233040,935,40.896618,-74.038454
30.5653,-97.4198,2474,30.5653,,1001 WELCH STREET TAYLOR TX 76574,CCAHUTX,HUTTO CCA,1001 WELCH STREET,TAYLOR,WILLIAMSON,TX,76574,5,SNA,DHD,IGSA,FAMILY,Yes,509,04.11.2017,13.04.1998,512,492,493,493,496,500,580,3554,4209,3592,483,9,454,39,429,64,413,83,0,2,7,483,CCA,372,1.02,179835,513,30.566391,-97.41949
31.803547,-106.288678,1,0,,11541 MONTANA AVE EL PASO TX 79936,IEPHOLD,ICE EL PASO HOLD ROOM,11541 MONTANA AVE,EL PASO,EL PASO,TX,79936,5,ELP,,Other,HOLD,Yes,0,22.10.2017,05.07.2016,2,1,0,0,0,0,35,419,40,0,1,0,0,0,0,0,0,0,0,0,0,1,,141,0.39,136,2,31.803547,-106.288678
37.3239,-78.437,3091,37.3239,,508 WATERWORKS ROAD FARMVILLE VA 23901,FRMVLVA,IMMIGRATION CENTERS OF AMERICA FARMVILLE,508 WATERWORKS ROAD,FARMVILLE,PRINCE EDWARD,VA,23901,4,WAS,WAS,IGSA,DIGSA,Yes,690,04.11.2017,05.08.2010,765,719,713,579,549,531,1002,4357,3067,3379,241,478,203,509,71,508,91,458,215,126,128,250,ICA,372,1.02,260133,820,37.323304,-78.436819
32.6908,-115.398,2696,32.6908,,1572 GATEWAY CALEXICO CA 92231,IRADFCA,IMPERIAL REGIONAL DETENTION FACILITY,1572 GATEWAY,CALEXICO,IMPERIAL,CA,92231,9,SND,SND,IGSA,DIGSA,Yes,671,04.11.2017,22.09.2014,712,684,662,681,665,4,1052,5524,3788,2767,602,82,574,88,532,149,493,173,60,8,14,602,M&TC,372,1.02,241613,720,33.787447,-116.383098
31.5781,-83.253,2744,31.5781,,132 COTTON DRIVE OCILLA GA 31772,IRWINGA,IRWIN COUNTY DETENTION CENTER,132 COTTON DRIVE,OCILLA,IRWIN,GA,31772,11,ATL,ATL,USMS IGA,USMS IGA,Yes,674,04.11.2017,26.09.2010,813,721,714,546,345,418,1173,6788,6444,4800,301,420,288,426,122,424,94,251,194,85,130,311,LASALLE CORRECTIONS,372,1.02,260684,903,31.583812,-83.258963
31.5493,-97.0814,132,31.5493,,3101 MARLIN HWY WACO TX 76705,JHRWLTX,JACK HARWELL DETENTION CENTER,3101 MARLIN HWY,WACO,MCLENNAN,TX,76705,5,SNA,WCT,USMS IGA,USMS IGA,Yes,0,04.11.2017,28.04.2011,6,2,1,0,0,129,16,172,98,101,0,1,0,1,0,0,0,0,0,1,0,0,CEC,202,0.55,394,9,31.549277,-97.077623
33.6625,-117.703,1439,33.6625,,13502 MUSICK ROAD IRVINE CA 92618,MUSIKCA,JAMES A. MUSICK FACILITY,13502 MUSICK ROAD,IRVINE,ORANGE,CA,92618,9,LOS,LOS,IGSA,IGSA,Yes,284,04.11.2017,09.08.2010,328,310,297,290,254,288,1316,3981,3839,3791,177,134,161,136,138,152,122,132,49,54,31,177,COUNTY (SHERIFF),372,1.02,108483,340,33.642102,-117.769133
43.673343,-111.911745,18,0,,219 EAST FREMONT AVE RIGBY ID 83442,JEFFEID,JEFFERSON COUNTY JAIL,219 EAST FREMONT AVE,RIGBY,JEFFERSON,ID,83442,9,SLC,BOI,IGSA,IGSA,Yes,13,04.11.2017,29.03.2000,17,8,5,1,2,2,51,220,79,101,3,5,2,3,0,1,0,1,2,2,1,3,COUNTY,337,0.92,1770,18,43.673343,-111.911745
31.7083,-92.1524,5467,31.7083,,830 PINEHILL ROAD JENA LA 71342,JENADLA,JENA/LASALLE DETENTION FACILITY,830 PINEHILL ROAD,JENA,LA SALLE,LA,71342,5,NOL,OAK,IGSA,DIGSA,Yes,1100,04.11.2017,22.10.2007,1214,1165,1117,1105,1047,1033,1730,17421,12149,12785,416,749,398,719,457,647,406,641,344,167,237,418,GEO,372,1.02,407819,1277,31.70821,-92.150612
30.3358,-95.4481,4080,30.3358,,500 HILBIG RD. CONROE TX 77301,MONTGTX,JOE CORLEY DETENTION FACILITY,500 HILBIG RD.,CONROE,MONTGOMERY,TX,77301,5,HOU,HOU,IGSA,IGSA,Yes,767,04.11.2017,16.08.2008,795,724,829,894,675,958,831,6824,7346,5315,289,434,485,344,577,317,207,467,151,113,181,279,GEO,372,1.02,302614,1014,30.336849,-95.449655
32.372,-97.3891,1181,32.372,,1800 RIDGEMAR DRIVE CLEBURNE TX 76031,JOHNSTX,JOHNSON COUNTY CORRECTIONS CENTER,1800 RIDGEMAR DRIVE,CLEBURNE,JOHNSON,TX,76031,5,DAL,DAL,IGSA,IGSA,Yes,278,04.11.2017,01.05.1998,287,271,262,216,199,233,396,4458,2362,3310,53,218,75,187,74,143,58,141,86,45,87,53,LASALLE CORRECTIONS,372,1.02,95657,322,32.372572,-97.388975
42.438415,-123.31303,13,0,,1901 NORTHEAST F STREET GRANTS PASS OR 97526,JOSEPOR,JOSEPHINE COUNTY JAIL,1901 NORTHEAST F STREET,GRANTS PASS,JOSEPHINE,OR,97526,9,SEA,MED,USMS IGA,USMS IGA,Yes,0,31.10.2017,19.12.1995,6,2,2,1,1,7,25,111,62,86,0,2,0,2,0,1,0,1,0,1,0,0,COUNTY (SHERIFF),290,0.79,667,10,42.438415,-123.31303
45.146926,-95.015943,11,0,,2201 23RD ST NE WILLMAR MN 56201,KANDIMN,KANDIYOHI COUNTY JAIL,2201 23RD ST NE,WILLMAR,KANDIYOHI,MN,56201,8,SPM,SPM,IGSA,IGSA,Yes,18,04.11.2017,13.03.1992,18,11,0,0,0,0,0,0,0,0,2,9,0,0,0,0,0,0,9,0,0,2,COUNTY (SHERIFF),2,0.01,0,11,45.146926,-95.015943
41.118644,-87.888099,242,0,,3050 JUSTICE WAY KANKAKEE IL 60901,KANKEIL,KANKAKEE COUNTY JAIL,3050 JUSTICE WAY,KANKAKEE,KANKAKEE,IL,60901,7,CHI,CHI,USMS IGA,USMS IGA,Yes,143,04.11.2017,08.10.2016,191,139,103,0,0,0,489,4644,0,0,55,83,67,36,0,0,0,0,33,28,22,55,COUNTY,365,1,37698,181,41.118644,-87.888099
28.8858,-97.9112,457,28.8858,,FM 1144 AT US HIGHWAY 181 KARNES CITY TX 78118,KCCDCTX,KARNES COUNTY CIVIL DETENTION CENTER,FM 1144 AT US HIGHWAY 181,KARNES CITY,KARNES,TX,78118,5,SNA,KCD,IGSA,DIGSA,Yes,0,05.08.2014,01.01.2012,0,0,0,0,0,457,0,0,0,0,0,0,0,0,0,0,0,0,0,0,0,0,GEO,0,0,0,0,28.885953,-97.910733
28.8831,-97.9114,103,28.8831,,810 COMMERCE STREET KARNES CITY TX 78118,KARNETX,KARNES COUNTY CORRECTIONAL CENTER,810 COMMERCE STREET,KARNES CITY,KARNES,TX,78118,5,SNA,SNA,USMS IGA,USMS IGA,Yes,0,24.08.2017,13.01.1998,0,0,42,20,0,41,69,301,288,2,0,0,31,11,12,8,0,0,0,0,0,0,GEO,328,0.9,15283,195,28.883301,-97.909196
28.8858,-97.9112,1978,28.8858,,FM 1144 AT US HIGHWAY 181 KARNES CITY TX 78118,KCCDCTX,KARNES COUNTY RESIDENTIAL CENTER,FM 1144 AT US HIGHWAY 181,KARNES CITY,KARNES,TX,78118,5,SNA,KCD,IGSA,FAMILY,Yes,574,04.11.2017,30.05.2014,660,550,416,512,416,84,455,12269,15247,3632,550,0,415,1,510,2,414,2,0,0,0,550,GEO,372,1.02,151869,675,28.885953,-97.910733
42.5943,-87.9119,786,42.5943,,4777 88TH AVENUE KENOSHA WI 53144,KENOSWI,KENOSHA COUNTY DETENTION CENTER,4777 88TH AVENUE,KENOSHA,KENOSHA,WI,53144,7,CHI,CHI,USMS IGA,USMS IGA,Yes,142,04.11.2017,08.01.1986,155,143,173,166,130,174,529,2621,2674,1784,52,91,52,121,41,126,11,119,49,23,17,53,COUNTY (SHERIFF),372,1.02,63235,211,42.592867,-87.914943
42.973911,-85.629885,1,0,,701 BALL AVENUE NORTHEAST GRAND RAPIDS MI 49503,KENTCMI,KENT COUNTY JAIL,701 BALL AVENUE NORTHEAST,GRAND RAPIDS,KENT,MI,49503,6,DET,DET,IGSA,IGSA,Yes,0,04.11.2017,11.09.1991,2,0,0,0,0,1,54,149,73,138,0,0,0,0,0,0,0,0,0,0,0,0,COUNTY (SHERIFF),98,0.27,142,11,42.973911,-85.629885
25.7543,-80.4891,2080,25.7543,,18201 SOUTHWEST 12TH STREET MIAMI FL 33194,KRO,KROME NORTH SERVICE PROCESSING CENTER,18201 SOUTHWEST 12TH STREET,MIAMI,MIAMI-DADE,FL,33194,11,MIA,KRO,SPC,SPC,Yes,0,10.09.2017,03.11.1983,0,0,551,558,452,519,1504,11063,7540,6810,0,0,250,301,194,364,85,367,0,0,0,0,AGS,345,0.95,200940,1022,25.75506,-80.437893
34.148556,-114.28464,4,0,,1109 ARIZONA AVE. PARKER AZ 85344,LAPAZAZ,LA PAZ COUNTY ADULT DETENTION FACILITY,1109 ARIZONA AVE.,PARKER,LA PAZ,AZ,85344,9,PHO,FLO,USMS IGA,USMS IGA,Yes,0,24.10.2017,23.08.2005,7,1,0,0,1,2,13,74,66,182,0,1,0,0,0,0,0,1,0,0,0,0,COUNTY (SHERIFF),55,0.15,140,11,34.148556,-114.28464
28.0462,-99.3527,233,28.0462,,832 EAST TEXAS STATE HIGHWAY 44 ENCINAL TX 78019,LSRDCTX,LA SALLE COUNTY REGIONAL DETENTION CENTER,832 EAST TEXAS STATE HIGHWAY 44,ENCINAL,LA SALLE,TX,78019,5,SNA,LRD,USMS IGA,USMS IGA,Yes,0,04.11.2017,10.06.2011,0,0,35,35,1,162,57,1037,1215,4,0,0,30,5,28,7,1,0,0,0,0,0,COUNTY,117,0.32,12778,200,28.046614,-99.367001
27.5289,-99.4479,1535,27.5289,,4702 EAST SAUNDERS STREET LAREDO TX 78041,LRDICDF,LAREDO PROCESSING CENTER,4702 EAST SAUNDERS STREET,LAREDO,WEBB,TX,78041,5,SNA,LRD,USMS IGA,USMS IGA,Yes,368,04.11.2017,20.06.1983,386,332,311,301,279,312,911,8582,9971,9118,300,32,275,37,261,40,233,46,10,8,13,300,CCA,372,1.02,113526,400,27.528423,-99.448416
25.706054,-80.29242,18,0,,6129 SW 70TH ST SOUTH MIAMI FL 33143,LRKNHFL,LARKIN HOSPITAL,6129 SW 70TH ST,SOUTH MIAMI,MIAMI-DADE,FL,33143,11,MIA,KRO,Other,HOSPITAL,No,2,04.11.2017,18.03.2009,6,2,4,1,3,8,47,99,36,14,0,2,1,3,0,1,0,3,2,0,0,0,HOSPITAL,341,0.93,1293,10,25.706054,-80.29242
28.442793,-99.236278,1,0,,703 N MAIN STREET COTULLA TX 78014,LASALTX,LASALLE COUNTY JAIL,703 N MAIN STREET,COTULLA,LA SALLE,TX,78014,5,SNA,SNA,Other,Other,Yes,0,30.03.2014,09.12.1993,0,0,0,0,0,1,0,0,0,0,0,0,0,0,0,0,0,0,0,0,0,0,,0,0,0,0,28.442793,-99.236278
33.979416,-81.249212,9,0,,521 GIBSON ROAD LEXINGTON SC 29072,LEXINSC,LEXINGTON COUNTY JAIL,521 GIBSON ROAD,LEXINGTON,LEXINGTON,SC,29072,4,ATL,CHL,USMS IGA,USMS IGA,Yes,0,01.11.2017,07.12.2010,7,1,2,2,2,2,87,456,409,406,0,1,0,2,0,2,0,2,0,0,0,0,COUNTY (SHERIFF),237,0.65,722,12,33.979416,-81.249212
38.97103,-90.963708,48,0,,65 BUSINESS PARK DRIVE TROY MO 63379,LINCOMO,LINCOLN COUNTY DETENTION CENTER,65 BUSINESS PARK DRIVE,TROY,LINCOLN,MO,63379,8,CHI,STL,IGSA,IGSA,Yes,6,04.11.2017,28.02.2000,9,6,8,7,12,15,14,82,88,148,1,5,1,7,1,6,1,11,3,2,1,1,COUNTY (SHERIFF),351,0.96,2766,14,38.97103,-90.963708
41.975308,-91.670108,26,0,,53 3RD AVENUE BRIDGE CEDAR RAPIDS IA 52401,LINNJIA,LINN COUNTY JAIL,53 3RD AVENUE BRIDGE,CEDAR RAPIDS,LINN,IA,52401,8,SPM,OMA,USMS IGA,USMS IGA,Yes,6,04.11.2017,28.01.1994,15,10,6,3,3,4,56,339,175,153,3,7,2,5,1,3,0,3,4,1,2,3,COUNTY (SHERIFF),357,0.98,2359,20,41.975308,-91.670108
42.800302,-77.816286,16,0,,4 COURT STREET GENESEO NY 14454,LIVINNY,LIVINGSTON COUNTY JAIL,4 COURT STREET,GENESEO,LIVINGSTON,NY,14454,2,BUF,BUF,USMS IGA,USMS IGA,Yes,10,04.11.2017,22.11.1996,14,12,4,0,0,0,12,49,0,0,8,4,3,1,0,0,0,0,2,1,1,8,COUNTY (SHERIFF),172,0.47,1487,14,42.800302,-77.816286
34.78384,-91.901281,6,0,,203 W. FRONT STREET LONOKE AR 72086,LONPDAR,LONOKE POLICE DEPARTMENT,203 W. FRONT STREET,LONOKE,LONOKE,AR,72086,8,NOL,FSA,IGSA,IGSA,Yes,1,04.11.2017,12.03.2002,11,2,1,1,1,1,58,292,202,260,0,1,0,1,0,1,0,1,0,1,0,0,CITY,185,0.51,524,15,34.78384,-91.901281
33.750491,-118.296675,26,0,,300 N. LOS ANGELES ST. RM B-18 SAN PEDRO CA 90731,LOSHOLD,LOS ANGELES CUSTODY CASE,300 N. LOS ANGELES ST. RM B-18,SAN PEDRO,LOS ANGELES,CA,90731,9,LOS,LOS,Other,HOLD,Yes,1,04.11.2017,01.01.1983,14,4,4,3,4,11,2962,13865,14167,15351,1,3,1,3,1,3,2,3,2,0,1,1,FEDERAL,372,1.02,1433,79,33.750491,-118.296675
33.58543,-101.843295,3,0,,811 MAIN STREET LUBBOCK TX 79401,LUBBOTX,LUBBOCK COUNTY DETENTION CENTER,811 MAIN STREET,LUBBOCK,LUBBOCK,TX,79401,5,DAL,LBK,USMS IGA,USMS IGA,Yes,0,30.10.2017,02.01.2007,3,0,1,1,0,1,9,191,128,84,0,0,0,1,0,0,0,0,0,0,0,0,COUNTY (SHERIFF),139,0.38,293,8,33.58543,-101.843295
33.446059,-112.078918,1,0,,201 SOUTH 4TH AVENUE PHOENIX AZ 85003,MCFAJAZ,MARICOPA COUNTY JAIL,201 SOUTH 4TH AVENUE,PHOENIX,MARICOPA,AZ,85003,9,PHO,PHO,USMS IGA,USMS IGA,Yes,0,12.09.2012,03.10.2007,0,0,0,0,0,1,0,0,1,0,0,0,0,0,0,0,0,0,0,0,0,0,COUNTY,0,0,0,0,33.446059,-112.078918
39.766176,-86.152759,6,0,,40 SOUTH ALABAMA STREET INDIANAPOLIS IN 46204,MARIOIN,MARION COUNTY JAIL,40 SOUTH ALABAMA STREET,INDIANAPOLIS,MARION,IN,46204,7,CHI,CHI,USMS IGA,USMS IGA,Yes,1,04.11.2017,22.12.1993,4,1,2,1,1,1,54,349,188,205,0,1,0,1,0,1,0,1,0,0,0,0,COUNTY (SHERIFF),292,0.8,618,10,39.766176,-86.152759
42.012212,-93.058651,203,0,,2369 JESSUP AVENUE MARSHALLTOWN IA 50158,MARSHIA,MARSHALL COUNTY JAIL,2369 JESSUP AVENUE,MARSHALLTOWN,MARSHALL,IA,50158,8,SPM,OMA,USMS IGA,USMS IGA,Yes,67,04.11.2017,06.02.1992,82,71,58,31,24,19,78,514,219,243,20,51,15,43,3,28,1,23,19,9,23,20,COUNTY (SHERIFF),372,1.02,21033,86,42.012212,-93.058651
42.3405,-88.4409,1049,42.3405,,2200 NORTH SEMINARY AVENUE WOODSTOCK IL 60098,MCHENIL,MCHENRY COUNTY CORRECTIONAL FACILITY,2200 NORTH SEMINARY AVENUE,WOODSTOCK,MCHENRY,IL,60098,7,CHI,CHI,USMS IGA,USMS IGA,Yes,256,04.11.2017,24.12.1987,290,255,235,207,167,185,866,4537,4812,3396,67,188,88,148,64,143,18,149,96,50,42,67,COUNTY (SHERIFF),372,1.02,85924,296,42.339714,-88.443208
35.314926,-80.841085,10,0,,5234 SPECTOR DRIVE CHARLOTTE NC 28202,MECKLNC,MECKLENBURG COUNTY DETENTION CENTER NORTH,5234 SPECTOR DRIVE,CHARLOTTE,MECKLENBURG,NC,28202,4,ATL,CLT,USMS IGA,USMS IGA,Yes,5,04.11.2017,15.03.1988,12,4,2,1,1,2,144,571,334,291,2,1,1,1,1,1,0,1,1,0,0,2,COUNTY (SHERIFF),301,0.82,803,16,35.314926,-80.841085
35.38,-119.006,1286,35.38,,425 GOLDEN STATE AVE BAKERSFIELD CA 93301,CACFMES,MESA VERDE DETENTION FACILITY,425 GOLDEN STATE AVE,BAKERSFIELD,KERN,CA,93301,9,SFR,BKI,IGSA,DIGSA,Yes,378,04.11.2017,20.03.2015,404,385,374,368,159,0,438,3840,2173,1260,120,265,100,274,111,257,67,92,159,52,48,127,GEO,372,1.02,136581,421,35.380494,-119.005905
25.925868,-80.153735,1,0,,15665 BISCAYNE BOULEVARD MIAMI FL 33160,MIAHOLD,MIAMI DISTRICT,15665 BISCAYNE BOULEVARD,MIAMI,MIAMI-DADE,FL,33160,11,MIA,TAM,Other,HOLD,Yes,2,04.11.2017,13.08.2004,2,1,0,0,0,0,125,641,135,2,1,0,0,0,0,0,0,0,0,0,0,1,FEDERAL,132,0.36,157,2,25.925868,-80.153735
33.399902,-94.02264,4,0,,2300 EAST STREET TEXARKANA AR 71854,MILLRAR,MILLER COUNTY JAIL,2300 EAST STREET,TEXARKANA,MILLER,AR,71854,8,NOL,FSA,USMS IGA,USMS IGA,Yes,0,02.11.2017,16.07.2003,6,1,1,1,0,1,24,155,97,86,1,0,0,1,0,0,0,0,0,0,0,1,COUNTY (SHERIFF),142,0.39,300,13,33.399902,-94.02264
42.535299,-113.791845,17,0,,1415 ALBION AVENUE BURLEY ID 83318,MINICID,MINICASSIA DETENTION CENTER,1415 ALBION AVENUE,BURLEY,CASSIA,ID,83318,9,SLC,BOI,IGSA,IGSA,Yes,3,04.11.2017,05.01.1992,12,6,3,3,2,3,47,273,366,392,0,5,0,3,0,3,0,2,2,2,1,0,COUNTY (SHERIFF),329,0.9,1136,10,42.535299,-113.791845
36.923376,-89.351612,12,0,,200 WEST COMMERCIAL STREET CHARLESTON MO 63834,MISCOMO,MISSISSIPPI COUNTY DETENTION CENTER,200 WEST COMMERCIAL STREET,CHARLESTON,MISSISSIPPI,MO,63834,8,CHI,STL,IGSA,IGSA,Yes,0,25.03.2015,24.11.1999,0,0,0,0,3,9,0,0,0,23,0,0,0,0,0,0,1,2,0,0,0,0,COUNTY (SHERIFF),0,0,0,0,36.923376,-89.351612
40.506805,-107.558376,1,0,,800 WEST 1ST STREET CRAIG CO 81625,MOFFECO,MOFFAT COUNTY JAIL,800 WEST 1ST STREET,CRAIG,MOFFAT,CO,81625,10,DEN,DEN,IGSA,IGSA,Yes,1,04.11.2017,12.12.1991,3,1,0,0,0,0,13,81,39,34,0,1,0,0,0,0,0,0,0,0,0,0,COUNTY (SHERIFF),98,0.27,129,3,40.506805,-107.558376
24.576051,-81.749543,274,0,,5501 COLLEGE ROAD KEY WEST FL 33040,MONROFL,MONROE COUNTY DETENTION CENTER,5501 COLLEGE ROAD,KEY WEST,MONROE,FL,33040,11,MIA,KRO,IGSA,IGSA,Yes,69,04.11.2017,20.09.1995,71,61,58,52,46,57,78,482,385,283,4,57,7,51,3,49,3,43,37,8,10,5,COUNTY (SHERIFF),345,0.95,21205,74,24.576051,-81.749543
41.914269,-83.397637,1,0,,100 EAST 2ND STREET MONROE MI 48161,MNROEMI,MONROE COUNTY DETENTION MAIN,100 EAST 2ND STREET,MONROE,MONROE,MI,48161,6,DET,DET,IGSA,IGSA,Yes,1,13.09.2017,08.11.2013,1,1,0,0,0,0,1,4,9,18,0,1,0,0,0,0,0,0,0,0,1,0,COUNTY (SHERIFF),5,0.01,5,1,41.914269,-83.397637
41.8956,-83.3933,293,41.8956,,7000 EAST DUNBAR ROAD MONROE MI 48161,MONROMI,MONROE COUNTY DETENTION-DORM,7000 EAST DUNBAR ROAD,MONROE,MONROE,MI,48161,6,DET,DET,IGSA,IGSA,Yes,54,04.11.2017,13.07.1995,82,63,64,51,43,72,107,1344,822,851,34,29,35,30,33,18,13,30,5,13,10,34,COUNTY (SHERIFF),372,1.02,23538,106,41.893372,-83.396478
32.381483,-86.298272,5,0,,320 NORTH RIPLEY STREET MONTGOMERY AL 36104,MNTGMAL,MONTGOMERY CITY JAIL,320 NORTH RIPLEY STREET,MONTGOMERY,MONTGOMERY,AL,36104,11,NOL,MGA,IGSA,IGSA,Yes,0,02.11.2017,26.05.2011,7,1,1,1,1,1,45,263,140,152,1,1,1,1,0,1,0,1,0,0,0,1,CITY,185,0.51,456,10,32.381483,-86.298272
40.155929,-75.411748,4,0,,60 EAGLEVILLE ROAD NORRISTOWN PA 19403,MONTGPA,MONTGOMERY COUNTY CORRECTIONAL FACILITY,60 EAGLEVILLE ROAD,NORRISTOWN,MONTGOMERY,PA,19403,3,PHI,PHI,USMS IGA,USMS IGA,Yes,0,13.07.2015,16.03.1987,0,0,0,0,2,2,0,0,0,572,0,0,0,0,0,0,1,1,0,0,0,0,COUNTY (CORRECTIONS),0,0,0,0,40.155929,-75.411748
38.9097,-91.5349,94,38.9097,,211 EAST THIRD STREET MONTGOMERY CITY MO 63361,MONTGMO,MONTGOMERY COUNTY JAIL,211 EAST THIRD STREET,MONTGOMERY CITY,MONTGOMERY,MO,63361,8,CHI,STL,IGSA,IGSA,Yes,17,04.11.2017,26.06.1998,22,20,21,18,14,21,33,165,170,252,8,11,7,14,5,14,3,11,5,5,1,8,COUNTY (SHERIFF),372,1.02,7594,44,38.978999,-91.504742
38.431556,-92.840072,219,0,,211 EAST NEWTON STREET VERSAILLES MO 65084,MORGNMO,MORGAN COUNTY ADULT DETENTION CENTER,211 EAST NEWTON STREET,VERSAILLES,MORGAN,MO,65084,8,CHI,KAN,IGSA,IGSA,Yes,50,04.11.2017,28.02.2003,61,54,55,51,29,30,55,591,522,288,19,35,13,42,6,45,3,26,13,6,16,19,COUNTY (SHERIFF),372,1.02,20121,82,38.431556,-92.840072
40.56,-82.8067,176,40.56,,101 HOME ROAD MOUNT GILEAD OH 43338,MOROWOH,MORROW COUNTY CORRECTIONAL FACILITY,101 HOME ROAD,MOUNT GILEAD,MORROW,OH,43338,6,DET,CLM,IGSA,IGSA,Yes,53,04.11.2017,28.08.2009,53,36,32,29,32,47,75,950,896,954,11,25,10,22,8,21,3,29,8,7,10,11,COUNTY (SHERIFF),372,1.02,11790,52,40.559483,-82.805943
42.862339,-106.34474,1,0,,1100 BRUCE LANE CASPER WY 82601,NATROWY,NATRONA COUNTY JAIL,1100 BRUCE LANE,CASPER,NATRONA,WY,82601,10,DEN,DEN,USMS IGA,USMS IGA,Yes,0,31.10.2017,03.12.1991,3,1,0,0,0,0,15,105,81,47,0,0,0,0,0,0,0,0,0,0,0,0,COUNTY (SHERIFF),94,0.26,162,8,42.862339,-106.34474
36.253,-115.975,387,36.253,,2190 EAST MESQUITE AVENUE PAHRUMP NV 89060,NVSDCNV,NEVADA SOUTHERN DETENTION CENTER,2190 EAST MESQUITE AVENUE,PAHRUMP,NYE,NV,89060,9,SLC,SLC,USMS IGA,USMS IGA,Yes,145,04.11.2017,02.05.2016,165,140,173,74,0,0,181,1508,827,0,22,117,54,119,59,15,0,0,54,25,37,22,CCA,372,1.02,63052,247,36.249135,-115.997402
34.329932,-77.887477,3,0,,3950 JUVENILE RD CASTLE HAYNE NC 28429,NWHNVNC,NEW HANOVER COUNTY JAIL,3950 JUVENILE RD,CASTLE HAYNE,NEW HANOVER,NC,28429,4,ATL,CLT,IGSA,IGSA,Yes,0,02.11.2017,05.06.2012,6,1,1,0,0,1,37,176,82,65,0,1,0,1,0,0,0,0,0,0,1,0,COUNTY (SHERIFF),179,0.49,354,11,34.329932,-77.887477
39.671492,-75.714329,1,0,,970 BROAD STREET NEWARK NJ 7102,NEWHOLD,NEW/INS OS HOLD ROOM,970 BROAD STREET,NEWARK,ESSEX,NJ,7102,3,NEW,NEW,Other,HOLD,Yes,0,20.10.2017,01.01.1988,2,1,0,0,0,0,4,102,209,264,1,0,0,0,0,0,0,0,0,0,0,1,FEDERAL,37,0.1,50,2,39.671492,-75.714329
43.648165,-95.587723,40,0,,1530 AIRPORT ROAD WORTHINGTON MN 56187,NOBLEMN,NOBLES COUNTY JAIL,1530 AIRPORT ROAD,WORTHINGTON,NICOLLET,MN,56187,8,SPM,SPM,IGSA,IGSA,Yes,27,04.11.2017,30.09.1997,29,25,12,1,1,1,70,206,158,122,4,21,2,10,0,1,0,1,18,2,1,4,COUNTY (SHERIFF),353,0.97,4220,34,43.648165,-95.587723
31.352978,-110.968339,8,0,,1500 W LA QUINTA AVE NOGALES AZ 85621,MIRPNOG,NOGALES PROCESSING CENTER,1500 W LA QUINTA AVE,NOGALES,SANTA CRUZ,AZ,85621,9,PHO,FLO,MIRP,MIRP,No,0,17.07.2014,17.10.2007,0,0,0,0,0,8,0,1,5,0,0,0,0,0,0,0,0,0,0,0,0,0,FEDERAL,0,0,0,0,31.352978,-110.968339
36.846646,-76.284427,2,0,,811 EAST CITY HALL AVENUE NORFOLK VA 23510,NORFOVA,NORFOLK CITY JAIL,811 EAST CITY HALL AVENUE,NORFOLK,NORFOLK CITY,VA,23510,4,WAS,WAS,USMS IGA,USMS IGA,Yes,1,04.11.2017,11.08.2006,12,2,0,0,0,0,3,3,0,0,1,1,0,0,0,0,0,0,1,0,0,1,CITY,5,0.01,4,3,36.846646,-76.284427
46.557707,-92.185075,7,0,,200 WEST STREET DEDHAM MA 2026,NORFOMA,NORFOLK COUNTY JAIL,200 WEST STREET,DEDHAM,NORFOLK,MA,2026,1,BOS,BOS,USMS IGA,USMS IGA,Yes,0,04.01.2015,17.07.1980,0,0,0,0,1,6,0,0,0,0,0,0,0,0,0,0,1,0,0,0,0,0,COUNTY (SHERIFF),0,0,0,0,46.557707,-92.185075
34.29499,-83.824406,37,0,,622 MAIN STREET SOUTHWEST GAINESVILLE GA 30501,NGDCTGA,NORTH GEORGIA DETENTION CENTER,622 MAIN STREET SOUTHWEST,GAINESVILLE,HALL,GA,30501,11,ATL,ATL,IGSA,IGSA,Yes,0,23.03.2014,06.01.2009,0,0,0,0,0,37,0,0,0,0,0,0,0,0,0,0,0,0,0,0,0,0,CCA,0,0,0,0,34.29499,-83.824406
41.128585,-80.626903,402,0,,2240 HUBBARD ROAD YOUNGSTOWN OH 44505,CCANOOH,NORTHEAST OHIO CORRECTIONAL CTR,2240 HUBBARD ROAD,YOUNGSTOWN,MAHONING,OH,44505,6,DET,CLE,CDF,CDF,Yes,272,04.11.2017,18.12.2016,274,246,156,0,0,0,289,978,0,0,102,144,104,52,0,0,0,0,106,15,23,102,CCA,294,0.81,56921,279,41.128585,-80.626903
45.608888,-121.203622,78,0,,211 WEBBER ROAD THE DALLES OR 97058,NORCOOR,NORTHERN OREGON CORRECTIONAL FACILITY,211 WEBBER ROAD,THE DALLES,WASCO,OR,97058,9,SEA,POO,IGSA,IGSA,Yes,25,04.11.2017,09.01.1987,30,26,23,14,7,8,158,461,281,210,0,26,3,20,0,13,0,7,19,4,3,0,COUNTY (JAILER),372,1.02,8452,48,45.608888,-121.203622
45.608888,-121.203622,4,0,,211 WEBBER STREET THE DALLES OR 97058,NOJUVOR,NORTHERN OREGON JUVENILE DETENTION,211 WEBBER STREET,THE DALLES,WASCO,OR,97058,9,SEA,POO,IGSA,JUVENILE,Yes,1,04.11.2017,15.12.1999,2,2,2,0,0,0,2,4,1,0,0,2,0,1,0,0,0,0,0,2,0,0,ORR,278,0.76,600,3,45.608888,-121.203622
38.812429,-77.137157,1,0,,200 SOUTH WHITING STREET ALEXANDRIA VA 22304,NVJDCVA,NORTHERN VIRGINIA JUVENILE DETENTION CENTER,200 SOUTH WHITING STREET,ALEXANDRIA,COUNTY,VA,22304,4,WAS,WAS,IGSA,JUVENILE,Yes,0,25.09.2017,09.07.2015,0,0,0,1,0,0,4,4,4,2,0,0,0,0,1,0,0,0,0,0,0,0,,5,0.01,5,1,38.812429,-77.137157
47.2491,-122.421,6757,47.2491,,1623 E. J STREET TACOMA WA 98421,CSCNWWA,NORTHWEST DETENTION CENTER,1623 E. J STREET,TACOMA,PIERCE,WA,98421,9,SEA,TAC,CDF,CDF,Yes,1421,04.11.2017,07.06.2001,1438,1391,1423,1411,1132,1400,1556,5961,6019,5207,690,701,655,768,682,729,452,680,358,166,174,693,GEO,372,1.02,519386,1563,47.250214,-122.422746
44.854147,-73.133491,1,0,,3649 LOWER NEWTON ROAD SWANTON VT 5488,VTSTALB,NORTHWEST STATE CORRECTIONAL CENTER,3649 LOWER NEWTON ROAD,SWANTON,FRANKLIN,VT,5488,2,BOS,BOS,USMS IGA,USMS IGA,Yes,0,02.11.2017,09.03.2004,3,0,0,0,0,1,19,100,54,74,0,0,0,0,0,0,0,0,0,0,0,0,COUNTY (CORRECTIONS),106,0.29,152,4,44.854147,-73.133491
30.832093,-92.638259,63,0,,2105 E. WHATLEY RD. OAKDALE LA 71463,BOPOAD,OAKDALE FEDERAL DETENTION CENTER,2105 E. WHATLEY RD.,OAKDALE,ALLEN,LA,71463,5,NOL,OAK,BOP,BOP,No,0,09.07.2015,09.04.1990,0,0,0,0,0,63,0,4,4,13,0,0,0,0,0,0,0,0,0,0,0,0,BOP,0,0,0,0,30.832093,-92.638259
35.622382,-95.974093,67,0,,314 W. 7TH STREET OKMULGEE OK 74447,OKMULOK,OKMULGEE COUNTY JAIL,314 W. 7TH STREET,OKMULGEE,OKMULGEE,OK,74447,10,DAL,,USMS IGA,USMS IGA,Yes,62,04.11.2017,15.08.2017,75,60,7,0,0,0,97,179,0,0,23,38,2,5,0,0,0,0,17,7,13,23,,54,0.15,2419,71,35.622382,-95.974093
38.407364,-85.379567,4,0,,100 W MAIN STREET LA GRANGE KY 40031,OLDHAKY,OLDHAM COUNTY JAIL,100 W MAIN STREET,LA GRANGE,OLDHAM,KY,40031,6,CHI,CHI,IGSA,IGSA,Yes,0,02.11.2017,23.12.1997,5,1,1,1,1,0,50,301,212,144,1,1,0,1,0,1,0,0,0,0,0,1,COUNTY (JAILER),209,0.57,434,7,38.407364,-85.379567
42.88444,-77.213538,3,0,,3045 COUNTY COMPLEX DRIVE CANANDAIGUA NY 14424,ONTARNY,ONTARIO COUNTY JAIL,3045 COUNTY COMPLEX DRIVE,CANANDAIGUA,ONTARIO,NY,14424,2,BUF,BUF,USMS IGA,USMS IGA,Yes,0,14.05.2015,25.02.1988,0,0,0,0,1,2,0,0,0,11,0,0,0,0,0,0,0,0,0,0,0,0,COUNTY (SHERIFF),0,0,0,0,42.88444,-77.213538
33.749284,-117.876573,1,0,,550 NORTH FLOWER STREET SANTA ANA CA 92703,OCIRCCA,ORANGE COUNTY INTAKE RELEASE FACILITY,550 NORTH FLOWER STREET,SANTA ANA,ORANGE,CA,92703,9,LOS,LOS,IGSA,IGSA,Yes,2,04.11.2017,05.11.2010,3,1,0,0,0,0,47,110,63,101,0,1,0,0,0,0,0,0,1,0,0,0,COUNTY (SHERIFF),103,0.28,116,4,33.749284,-117.876573
41.4049,-74.3595,756,41.4049,,110 WELLS FARM ROAD GOSHEN NY 10924,ORANGNY,ORANGE COUNTY JAIL,110 WELLS FARM ROAD,GOSHEN,ORANGE,NY,10924,2,NYC,VRK,IGSA,IGSA,Yes,176,04.11.2017,19.08.2008,183,172,169,172,129,114,209,589,604,566,38,134,46,123,32,140,11,118,44,32,58,38,COUNTY (CORRECTIONS),372,1.02,61821,196,41.404806,-74.357048
28.503803,-81.417343,13,0,,3855 SOUTH JOHN YOUNG PARKWAY ORLANDO FL 32839,ORANGFL,ORANGE COUNTY JAIL,3855 SOUTH JOHN YOUNG PARKWAY,ORLANDO,ORANGE,FL,32839,11,MIA,ORL,USMS IGA,USMS IGA,Yes,1,04.11.2017,05.02.1996,24,9,2,1,1,0,166,403,158,169,3,6,1,1,0,0,0,0,3,2,1,3,COUNTY,232,0.64,593,22,28.503803,-81.417343
32.575,-116.915,4120,32.575,,7488 CALZADA DE LA FUENTE SAN DIEGO CA 92154,CCASDCA,OTAY MESA DETENTION CENTER ,7488 CALZADA DE LA FUENTE,SAN DIEGO,SAN DIEGO,CA,92154,9,SND,SND,CDF,USMS CDF,Yes,925,04.11.2017,05.09.1998,995,958,1028,835,635,664,1838,9569,13530,9212,553,405,554,473,441,395,337,298,218,89,95,556,CCA,372,1.02,375058,1185,32.557027,-116.962479
32.016469,-106.41112,95,0,,10 MCGREGOR RANGE ROAD CHAPARRAL NM 88081,OTROPNM,OTERO COUNTY PRISON FACILITY,10 MCGREGOR RANGE ROAD,CHAPARRAL,DONA ANA,NM,88081,10,ELP,EPC,USMS IGA,USMS IGA,Yes,0,20.09.2017,30.11.2005,0,0,80,0,0,15,126,1247,2,4,0,0,63,17,0,0,0,0,0,0,0,0,M&TC,262,0.72,29252,200,32.016469,-106.41112
32.0768,-106.255,4163,32.0768,,26 MCGREGOR RANGE ROAD CHAPARRAL NM 88081,OTRPCNM,OTERO COUNTY PROCESSING CENTER,26 MCGREGOR RANGE ROAD,CHAPARRAL,DONA ANA,NM,88081,10,ELP,OOP,IGSA,DIGSA,Yes,958,04.11.2017,08.12.2001,988,913,735,844,826,845,997,16156,18949,16941,454,459,355,380,181,664,210,615,123,113,221,456,M&TC,372,1.02,268160,994,32.016469,-106.41112
25.884069,-80.32399,8,0,,2001 W. 68TH ST. HIALEAH FL 33016,PMHOSFL,PALMETTO HOSPITAL,2001 W. 68TH ST.,HIALEAH,MIAMI-DADE,FL,33016,11,MIA,KRO,Other,HOSPITAL,No,3,04.11.2017,21.10.2000,3,1,3,2,1,1,10,33,28,27,0,1,1,2,1,1,0,1,1,0,0,0,HOSPITAL,320,0.88,1100,8,25.884069,-80.32399
31.397767,-103.517999,48,0,,250 EAST PALMER ROAD PECOS TX 79772,PCSHOLD,PECOS HOLD ROOM,250 EAST PALMER ROAD,PECOS,REEVES,TX,79772,5,ELP,PCS,Other,HOLD,Yes,0,02.10.2017,10.03.2010,1,0,0,18,17,13,197,4237,5031,5491,0,0,0,0,0,18,0,17,0,0,0,0,,124,0.34,130,10,31.397767,-103.517999
44.078943,-103.220827,2,0,,307 SAINT JOSEPH STREET RAPID CITY SD 57701,PENNISD,PENNINGTON COUNTY JAIL (SOUTH DAKOTA),307 SAINT JOSEPH STREET,RAPID CITY,PENNINGTON,SD,57701,8,SPM,SPM,USMS IGA,USMS IGA,Yes,0,02.11.2017,14.06.1994,5,2,0,0,0,0,7,41,24,17,1,1,0,0,0,0,0,0,0,0,0,1,COUNTY (SHERIFF),118,0.32,151,4,44.078943,-103.220827
40.438962,-99.37062,26,0,,715 5TH AVENUE HOLDREGE NE 68949,PHELPNE,PHELPS COUNTY JAIL,715 5TH AVENUE,HOLDREGE,PHELPS,NE,68949,8,SPM,OMA,USMS IGA,USMS IGA,Yes,8,04.11.2017,29.02.2000,8,6,5,3,3,9,6,45,17,27,2,4,0,4,0,3,0,3,2,1,2,2,COUNTY (SHERIFF),372,1.02,1785,10,40.438962,-99.37062
39.960012,-75.165295,1,0,,1600 CALLOWHILL ST PHILADELPHIA PA 19130,PHIHOLD,PHILADELPHIA DISTRICT OFFICE HOLD ROOM,1600 CALLOWHILL ST,PHILADELPHIA,PHILADELPHIA,PA,19130,3,PHI,PHI,Other,HOLD,Yes,0,28.09.2017,16.06.1980,0,0,0,0,0,1,211,1259,685,772,0,0,0,0,0,0,0,0,0,0,0,0,FEDERAL,5,0.01,5,1,39.960012,-75.165295
33.470625,-112.073702,136,0,,2035 NORTH CENTRAL AVENUE PHOENIX AZ 85004,PHOHOLD,PHOENIX DISTRICT OFFICE,2035 NORTH CENTRAL AVENUE,PHOENIX,MARICOPA,AZ,85004,9,PHO,PHO,Other,HOLD,Yes,38,04.11.2017,09.12.1997,59,30,29,42,19,16,1362,14780,17861,11661,27,3,26,3,38,4,13,6,1,0,1,27,FEDERAL,369,1.01,10584,130,33.470625,-112.073702
41.3886,-75.0719,800,41.3886,,175 PIKE COUNTY BOULEVARD LORDS VALLEY PA 18428,PIKCOPA,PIKE COUNTY CORRECTIONAL FACILITY,175 PIKE COUNTY BOULEVARD,LORDS VALLEY,PIKE,PA,18428,3,PHI,PKE,IGSA,IGSA,Yes,163,04.11.2017,13.03.1996,192,179,178,169,114,160,253,768,819,720,27,152,39,139,31,138,20,94,102,31,17,29,COUNTY (SHERIFF),372,1.02,65148,216,41.392133,-75.073642
32.199578,-110.991776,1,0,,1270 WEST SILVERLAKE ROAD TUCSON AZ 85713,PIMAJAZ,PIMA COUNTY JAIL,1270 WEST SILVERLAKE ROAD,TUCSON,PIMA,AZ,85713,9,PHO,TUC,IGSA,IGSA,Yes,1,04.11.2017,10.12.1992,1,1,0,0,0,0,1,2,2,0,1,0,0,0,0,0,0,0,0,0,0,1,COUNTY,41,0.11,34,1,32.199578,-110.991776
32.888854,-112.033477,374,0,,971 N. JASON LOPEZ CIRCLE FLORENCE AZ 85132,PINALAZ,PINAL COUNTY JAIL,971 N. JASON LOPEZ CIRCLE,FLORENCE,PINAL,AZ,85132,9,PHO,FLO,IGSA,IGSA,Yes,0,27.09.2017,30.10.1992,0,0,0,0,0,374,1,1,1,3,0,0,0,0,0,0,0,0,0,0,0,0,COUNTY (SHERIFF),1,0,1,1,32.888854,-112.033477
30.7886,-92.4231,1902,30.7886,,1133 HAMPTON DUPRE ROAD PINE PRAIRIE LA 70576,PINEPLA,PINE PRAIRIE CORRECTIONAL CENTER,1133 HAMPTON DUPRE ROAD,PINE PRAIRIE,EVANGELINE,LA,70576,5,NOL,OAK,IGSA,DIGSA,Yes,691,04.11.2017,28.02.2000,842,716,707,479,0,0,1024,6983,3740,0,365,352,411,296,326,153,0,0,150,82,119,366,GEO,372,1.02,257967,940,30.788146,-92.41285
27.902832,-82.700558,6,0,,14400 49TH STREET NORTH CLEARWATER FL 33762,PINELFL,PINELLAS COUNTY JAIL,14400 49TH STREET NORTH,CLEARWATER,PINELLAS,FL,33762,11,MIA,TAM,USMS IGA,USMS IGA,Yes,2,04.11.2017,01.10.1998,10,3,2,0,0,1,86,400,134,89,1,2,0,1,0,0,0,0,1,1,1,1,COUNTY (SHERIFF),238,0.65,563,10,27.902832,-82.700558
39.377503,-94.793517,34,0,,415 THIRD STREET PLATTE CITY MO 64079,PLATTMO,PLATTE COUNTY DETENTION CENTER,415 THIRD STREET,PLATTE CITY,PLATTE,MO,64079,8,CHI,KAN,IGSA,IGSA,Yes,21,04.11.2017,22.01.1992,21,17,16,1,0,0,27,263,139,56,9,8,4,12,0,1,0,0,3,2,3,9,COUNTY (SHERIFF),372,1.02,5779,24,39.377503,-94.793517
42.055299,-104.95254,1,0,,850 MAPLE STREET WHEATLAND WY 82201,PLATTWY,PLATTE COUNTY JAIL,850 MAPLE STREET,WHEATLAND,PLATTE,WY,82201,10,DEN,DEN,USMS IGA,USMS IGA,Yes,3,04.11.2017,04.04.2000,5,1,0,0,0,0,9,45,53,23,0,1,0,0,0,0,0,0,0,0,0,0,COUNTY (SHERIFF),61,0.17,90,5,42.055299,-104.95254
41.9305,-70.6542,618,41.9305,,26 LONG POND ROAD PLYMOUTH MA 2360,PLYMOMA,PLYMOUTH COUNTY CORRECTIONAL FACILITY,26 LONG POND ROAD,PLYMOUTH,PLYMOUTH,MA,2360,1,BOS,BOS,IGSA,IGSA,Yes,235,04.11.2017,01.04.1994,249,233,115,86,61,123,244,746,430,327,105,128,53,63,39,47,13,49,80,28,20,105,COUNTY (SHERIFF),372,1.02,42033,233,41.060721,-75.480918
30.6977,-95.0061,2458,30.6977,,3400 FM 350 SOUTH LIVINGSTON TX 77351,POLKCTX,POLK COUNTY ADULT DETENTION FACILITY,3400 FM 350 SOUTH,LIVINGSTON,POLK,TX,77351,5,HOU,HOU,IGSA,IGSA,Yes,560,04.11.2017,16.05.2006,590,431,581,563,289,594,623,4587,5235,3215,230,201,453,128,436,128,130,159,61,46,95,230,M&TC,372,1.02,212070,1027,30.80619,-94.975545
41.65433,-93.585344,82,0,,1985 NE 51ST PLACE DES MOINES IA 50313,POLKJIA,POLK COUNTY JAIL,1985 NE 51ST PLACE,DES MOINES,POLK,IA,50313,8,SPM,OMA,USMS IGA,USMS IGA,Yes,28,04.11.2017,21.04.1992,53,41,23,3,1,14,58,368,96,41,11,30,6,17,0,3,0,1,11,9,10,11,COUNTY (SHERIFF),372,1.02,8553,47,41.65433,-93.585344
26.155,-97.3383,5201,26.155,,27991 BUENA VISTA BOULEVARD LOS FRESNOS TX 78566,PIC,PORT ISABEL,27991 BUENA VISTA BOULEVARD,LOS FRESNOS,CAMERON,TX,78566,5,SNA,PIC,SPC,SPC,Yes,1160,04.11.2017,13.04.1985,1166,1094,1003,1104,1008,992,4926,49608,64263,67865,938,156,838,165,898,206,812,197,56,38,61,939,AHTNA (GUARD),369,1.01,366163,1244,26.151929,-97.350906
